id,first_name,last_name,email,gender,date_of_birth,position,salary
1,Mei,Paragreen,mparagreen0@webnode.com,Female,2023-06-04,waiter,77382
2,Sydney,Bomb,sbomb1@irs.gov,Female,2023-12-17,chef,78400
3,Diego,Stitt,dstitt2@pinterest.com,Male,2023-05-19,chef,71897
4,Giraud,Brosh,gbrosh3@about.com,Male,2023-08-25,waiter,56854
5,Anne-corinne,Godbert,agodbert4@cam.ac.uk,Female,2023-11-20,chef,26276
6,Tybi,Lawranson,tlawranson5@npr.org,Female,2023-12-17,chef,25404
7,Vanya,Blaxill,vblaxill6@t-online.de,Male,2024-02-14,waiter,28209
8,Kamilah,Bendell,kbendell7@canalblog.com,Female,2023-07-09,chef,44454
9,Henrik,Fansy,hfansy8@yale.edu,Male,2024-01-09,chef,32871
10,Karna,Jobbins,kjobbins9@wix.com,Female,2023-10-23,chef,59375
11,Court,Narraway,cnarrawaya@engadget.com,Male,2024-03-23,chef,27993
12,Amos,Troy,atroyb@mtv.com,Male,2024-02-18,waiter,68596
13,Liesa,Lesser,llesserc@wikimedia.org,Female,2024-02-20,waiter,31314
14,Iolanthe,Dannatt,idannattd@fotki.com,Female,2023-07-27,chef,51861
15,Gene,Rosengren,grosengrene@shinystat.com,Female,2023-06-14,chef,31931
16,Ignazio,Willets,iwilletsf@yale.edu,Male,2023-06-20,chef,68243
17,Bren,Asple,baspleg@scribd.com,Genderqueer,2023-04-29,manager,42408
18,Sancho,O'Carran,socarranh@gizmodo.com,Male,2023-12-27,chef,75924
19,Cullan,Bagguley,cbagguleyi@oaic.gov.au,Male,2024-03-18,manager,28150
20,Quinlan,De Carolis,qdecarolisj@cbslocal.com,Male,2023-08-11,waiter,39263
21,Dav,Croughan,dcroughank@nhs.uk,Male,2023-12-26,waiter,54006
22,Dale,Zorzenoni,dzorzenonil@nydailynews.com,Female,2024-01-27,chef,46480
23,Dom,Rubbert,drubbertm@fda.gov,Male,2024-02-21,waiter,28111
24,Dosi,Backsal,dbacksaln@state.gov,Female,2024-01-29,waiter,71278
25,Ezmeralda,Cosser,ecossero@cpanel.net,Female,2024-01-12,chef,63928
26,Lissy,Gidley,lgidleyp@delicious.com,Female,2023-08-01,waiter,78390
27,Ardis,Andrejevic,aandrejevicq@deviantart.com,Female,2023-07-16,waiter,51024
28,Robby,MacDwyer,rmacdwyerr@cbslocal.com,Female,2023-08-13,waiter,42601
29,Konstance,Washbrook,kwashbrooks@networkadvertising.org,Female,2023-09-12,chef,38599
30,Zacharias,Abrahami,zabrahamit@addthis.com,Male,2024-04-01,chef,37819
31,Ronnie,Glassopp,rglassoppu@printfriendly.com,Female,2023-06-16,chef,39359
32,Kipper,Duddle,kduddlev@house.gov,Male,2023-05-24,waiter,60631
33,Thain,Keene,tkeenew@huffingtonpost.com,Male,2023-11-13,manager,67766
34,Drusy,Giveen,dgiveenx@4shared.com,Female,2024-03-25,waiter,76577
35,Brenn,Chatfield,bchatfieldy@epa.gov,Female,2024-03-06,waiter,49627
36,Kip,Spoward,kspowardz@sitemeter.com,Female,2023-11-02,chef,25384
37,Thadeus,Pavek,tpavek10@prweb.com,Bigender,2024-03-19,waiter,73984
38,Granny,Birk,gbirk11@goo.gl,Male,2023-11-25,chef,40625
39,Conn,Keyser,ckeyser12@salon.com,Male,2023-09-09,waiter,62809
40,Stevena,De Bruyne,sdebruyne13@youtu.be,Female,2023-07-18,waiter,57537
41,Kiah,Abade,kabade14@freewebs.com,Female,2024-03-06,chef,62513
42,Filippo,Mollin,fmollin15@ucoz.ru,Male,2024-02-26,chef,42737
43,Terra,Syson,tsyson16@4shared.com,Female,2023-09-04,chef,39172
44,Mariska,Bjerkan,mbjerkan17@bbb.org,Genderfluid,2023-07-07,waiter,60743
45,Silvie,Smyley,ssmyley18@army.mil,Female,2023-05-20,waiter,71401
46,Theodosia,Knowlson,tknowlson19@fema.gov,Agender,2024-01-15,chef,60606
47,Tomasine,Gould,tgould1a@vimeo.com,Female,2023-06-20,manager,63361
48,Rance,Petegrew,rpetegrew1b@blogger.com,Male,2023-12-11,waiter,56849
49,Clive,Medley,cmedley1c@cnn.com,Male,2024-03-02,waiter,20639
50,Suzie,Linge,slinge1d@auda.org.au,Female,2023-10-22,chef,49188
51,Biddie,Leward,bleward1e@hugedomains.com,Female,2024-03-01,waiter,69350
52,Heida,Klagges,hklagges1f@diigo.com,Female,2024-04-07,chef,37352
53,Prue,Maurice,pmaurice1g@drupal.org,Female,2023-08-09,chef,65926
54,Mill,Hercules,mhercules1h@photobucket.com,Male,2023-09-11,waiter,64601
55,Nathalia,O'Flynn,noflynn1i@youtu.be,Female,2023-08-18,chef,59377
56,Barbabas,Oels,boels1j@hexun.com,Male,2023-09-04,waiter,72892
57,Westbrook,Ebbens,webbens1k@loc.gov,Male,2024-01-28,waiter,31370
58,Marten,Semechik,msemechik1l@rakuten.co.jp,Male,2023-05-15,waiter,62683
59,Malena,Hastilow,mhastilow1m@yandex.ru,Female,2023-05-14,chef,58289
60,Matthias,Nequest,mnequest1n@utexas.edu,Male,2024-03-11,waiter,43339
61,Jo,Corneliussen,jcorneliussen1o@ihg.com,Male,2024-02-23,chef,76639
62,Shawn,Dickinson,sdickinson1p@nationalgeographic.com,Male,2023-08-22,chef,65731
63,Thelma,Lawrenson,tlawrenson1q@cdbaby.com,Female,2023-11-13,chef,23719
64,Wilhelmine,Geroldo,wgeroldo1r@icio.us,Female,2024-02-29,chef,71185
65,Luz,Weiner,lweiner1s@huffingtonpost.com,Female,2023-06-15,chef,21024
66,Ronna,Beastall,rbeastall1t@infoseek.co.jp,Female,2024-01-24,waiter,59759
67,Lian,Kither,lkither1u@skyrock.com,Genderfluid,2024-04-18,chef,23464
68,Corbie,Holdron,choldron1v@yahoo.com,Male,2024-04-18,chef,28761
69,Byram,Pittendreigh,bpittendreigh1w@virginia.edu,Male,2023-08-27,waiter,24585
70,Margeaux,Shimoni,mshimoni1x@about.com,Female,2024-02-20,waiter,23802
71,Lane,Caccavella,lcaccavella1y@fotki.com,Male,2023-05-11,waiter,62310
72,Lorenzo,Muncer,lmuncer1z@e-recht24.de,Male,2024-02-14,chef,57694
73,Wat,Franzke,wfranzke20@wikia.com,Polygender,2023-05-19,chef,22469
74,Conney,Klausewitz,cklausewitz21@ucoz.ru,Male,2024-03-12,waiter,69500
75,Chelsea,MacGuiness,cmacguiness22@sitemeter.com,Genderqueer,2023-06-28,chef,73053
76,Madeline,Grigorio,mgrigorio23@virginia.edu,Female,2023-09-30,waiter,26899
77,Wilbur,Barosch,wbarosch24@mediafire.com,Male,2023-12-16,chef,37091
78,Roman,Gerish,rgerish25@wikia.com,Male,2023-11-22,waiter,36061
79,Brigid,Ghiotto,bghiotto26@va.gov,Female,2024-04-03,chef,49685
80,Lauren,Newlyn,lnewlyn27@drupal.org,Bigender,2023-08-16,waiter,70164
81,Tatiana,Rubenovic,trubenovic28@ameblo.jp,Female,2023-05-09,waiter,20502
82,Tabatha,Saltrese,tsaltrese29@sogou.com,Female,2023-04-24,waiter,36149
83,Barbi,Ivashev,bivashev2a@zdnet.com,Female,2024-01-16,chef,55335
84,Kathe,Lowen,klowen2b@globo.com,Female,2023-10-11,waiter,75775
85,Archibald,Bonn,abonn2c@cnet.com,Male,2023-07-16,waiter,61668
86,Sebastian,Dummigan,sdummigan2d@hao123.com,Male,2023-12-29,waiter,20874
87,Darcy,Rubinfajn,drubinfajn2e@addtoany.com,Agender,2023-09-30,waiter,29043
88,Moyra,Stammer,mstammer2f@ucoz.com,Female,2024-01-15,waiter,34133
89,Marlin,Basill,mbasill2g@163.com,Male,2023-08-11,chef,24487
90,Jeth,Blenkhorn,jblenkhorn2h@dailymail.co.uk,Male,2024-04-12,waiter,23862
91,Thalia,Gallamore,tgallamore2i@mail.ru,Female,2024-04-11,waiter,25660
92,Mellie,Schaumaker,mschaumaker2j@usgs.gov,Non-binary,2024-02-22,chef,34781
93,Immanuel,Mangion,imangion2k@independent.co.uk,Male,2023-11-29,chef,78592
94,Tully,Crummey,tcrummey2l@etsy.com,Male,2024-03-06,waiter,58980
95,Syd,Jarrard,sjarrard2m@europa.eu,Male,2024-01-21,chef,36500
96,Verney,Fydoe,vfydoe2n@moonfruit.com,Male,2023-11-20,waiter,66310
97,Ossie,Shotboulte,oshotboulte2o@ycombinator.com,Male,2023-11-08,chef,68827
98,Chanda,Pugh,cpugh2p@scientificamerican.com,Female,2023-06-20,chef,63144
99,Mervin,Fealty,mfealty2q@webnode.com,Male,2023-09-18,manager,68987
100,Immanuel,Galler,igaller2r@imgur.com,Male,2023-12-05,waiter,40518
101,Vidovic,Juster,vjuster2s@youtu.be,Male,2023-04-28,waiter,33731
102,Kienan,Fawltey,kfawltey2t@mit.edu,Male,2023-09-28,chef,35051
103,Reube,Bakey,rbakey2u@google.com.au,Male,2024-01-28,waiter,63460
104,Hendrik,Guisby,hguisby2v@pen.io,Male,2024-01-08,chef,30121
105,Urban,Strathe,ustrathe2w@jiathis.com,Male,2023-05-29,waiter,29070
106,Ranee,Ubsdell,rubsdell2x@altervista.org,Female,2023-10-27,waiter,36601
107,Harcourt,Courtes,hcourtes2y@mtv.com,Male,2023-11-10,waiter,50099
108,Rea,Thulborn,rthulborn2z@irs.gov,Female,2023-11-27,waiter,43708
109,Elbertine,Blindmann,eblindmann30@dion.ne.jp,Female,2023-12-10,chef,28987
110,Dieter,Woodfield,dwoodfield31@ifeng.com,Male,2023-08-20,waiter,63189
111,Sigfried,Teligin,steligin32@jugem.jp,Male,2023-10-10,waiter,61408
112,Anderson,Sessuns,asessuns33@shop-pro.jp,Male,2023-11-28,chef,48089
113,Barris,Guidera,bguidera34@wordpress.com,Genderqueer,2023-10-26,waiter,42675
114,Ulrika,Hatherley,uhatherley35@histats.com,Female,2023-04-24,chef,64763
115,Gilemette,Biasini,gbiasini36@t-online.de,Agender,2023-04-26,waiter,76735
116,Chico,Hagan,chagan37@amazonaws.com,Male,2023-09-14,manager,23940
117,Glenine,Keates,gkeates38@ft.com,Female,2023-11-27,waiter,41949
118,Joleen,Blincowe,jblincowe39@sohu.com,Female,2023-04-19,chef,79152
119,Karlie,Tall,ktall3a@scribd.com,Female,2023-11-01,manager,38284
120,Ramonda,McKeown,rmckeown3b@shop-pro.jp,Female,2023-06-28,chef,56909
121,Ree,Conti,rconti3c@si.edu,Female,2023-06-24,chef,28371
122,Koo,Gostridge,kgostridge3d@epa.gov,Female,2024-01-16,waiter,55011
123,Hirsch,Vail,hvail3e@uol.com.br,Male,2023-10-13,waiter,53503
124,Felix,Rennicks,frennicks3f@psu.edu,Male,2024-02-08,waiter,68429
125,Valida,Heymes,vheymes3g@so-net.ne.jp,Female,2023-11-06,chef,74063
126,Jason,Rutgers,jrutgers3h@nps.gov,Male,2024-01-24,chef,29290
127,Faina,Liffe,fliffe3i@utexas.edu,Female,2023-09-24,chef,51378
128,Nigel,Surmeyers,nsurmeyers3j@cam.ac.uk,Male,2023-07-19,waiter,42498
129,Eli,Lehrer,elehrer3k@ehow.com,Male,2024-02-13,waiter,45532
130,Eustace,Holley,eholley3l@dot.gov,Male,2024-04-10,chef,73898
131,Emelyne,Youhill,eyouhill3m@pbs.org,Female,2023-09-01,waiter,72205
132,Belle,Widocks,bwidocks3n@china.com.cn,Female,2023-11-23,waiter,42236
133,Cristie,Jeste,cjeste3o@narod.ru,Female,2023-10-26,waiter,51137
134,Joeann,Turpie,jturpie3p@sbwire.com,Female,2023-05-03,chef,65307
135,Devinne,Tampion,dtampion3q@berkeley.edu,Female,2023-09-07,waiter,22642
136,Leshia,Andersch,landersch3r@guardian.co.uk,Female,2024-01-30,chef,23598
137,Jeromy,Harbage,jharbage3s@list-manage.com,Male,2024-01-10,chef,24113
138,Mildred,Trevain,mtrevain3t@wikispaces.com,Female,2024-03-10,chef,27383
139,Coraline,Paddeley,cpaddeley3u@china.com.cn,Female,2024-01-03,chef,62291
140,Chancey,Malyj,cmalyj3v@hc360.com,Male,2023-08-03,waiter,39420
141,Roscoe,Justham,rjustham3w@cyberchimps.com,Male,2024-03-23,waiter,33825
142,Shoshanna,Rudyard,srudyard3x@chronoengine.com,Female,2023-12-04,waiter,30200
143,Scarlet,Tiffin,stiffin3y@icq.com,Female,2023-10-05,manager,25227
144,Eadith,covino,ecovino3z@sfgate.com,Female,2024-03-15,waiter,40807
145,Zorana,Barnfather,zbarnfather40@cdc.gov,Female,2023-12-15,chef,67928
146,Ingelbert,Dyde,idyde41@ustream.tv,Male,2023-09-09,waiter,78453
147,Francesco,Portlock,fportlock42@cisco.com,Male,2023-08-04,waiter,57929
148,Brett,Sarney,bsarney43@paypal.com,Female,2024-03-08,chef,76536
149,Harman,Nesterov,hnesterov44@reuters.com,Male,2023-06-22,waiter,64131
150,Cayla,Antognazzi,cantognazzi45@clickbank.net,Female,2023-11-17,waiter,64543
151,Curt,Schuck,cschuck46@senate.gov,Male,2023-07-20,waiter,66736
152,Allie,Seabright,aseabright47@diigo.com,Male,2023-08-31,waiter,52935
153,Buiron,Ghest,bghest48@ucoz.com,Male,2023-05-05,waiter,44683
154,Dulce,Franceschielli,dfranceschielli49@over-blog.com,Female,2023-11-16,manager,65962
155,Eugenius,Schulter,eschulter4a@1und1.de,Male,2023-12-09,chef,63322
156,Phoebe,Thirlwell,pthirlwell4b@wikipedia.org,Female,2023-11-15,waiter,53190
157,Catharine,Mournian,cmournian4c@myspace.com,Female,2024-01-07,chef,38981
158,Alfonso,Hort,ahort4d@artisteer.com,Polygender,2023-10-16,chef,62587
159,Sully,Spaughton,sspaughton4e@php.net,Male,2023-05-21,waiter,77715
160,Kym,Treadwell,ktreadwell4f@sina.com.cn,Female,2023-06-06,chef,48281
161,Kirsteni,Salery,ksalery4g@bbb.org,Female,2023-11-24,chef,23552
162,Nolana,Elt,nelt4h@mac.com,Bigender,2023-10-02,waiter,31435
163,Orin,Cancutt,ocancutt4i@tripadvisor.com,Male,2023-10-12,waiter,74267
164,Corene,Barles,cbarles4j@nhs.uk,Female,2023-11-28,waiter,25674
165,Myrwyn,Treby,mtreby4k@google.ru,Male,2023-12-22,chef,54771
166,Currey,Kalisch,ckalisch4l@tiny.cc,Male,2023-07-15,chef,43607
167,Angelo,Domenichini,adomenichini4m@engadget.com,Male,2024-04-10,manager,39730
168,Ileane,Kaiser,ikaiser4n@aboutads.info,Female,2024-01-01,waiter,77194
169,Joachim,Forsard,jforsard4o@reddit.com,Male,2024-01-05,waiter,31652
170,Corny,Kraft,ckraft4p@parallels.com,Male,2024-01-06,chef,71324
171,Cybil,Boothe,cboothe4q@vimeo.com,Female,2023-10-06,waiter,74586
172,Nikki,Sinott,nsinott4r@google.com.au,Non-binary,2024-03-24,waiter,27806
173,Heath,Kear,hkear4s@cloudflare.com,Male,2024-02-22,waiter,77068
174,Boony,Fairholme,bfairholme4t@g.co,Male,2023-11-21,chef,44988
175,Donica,Harrema,dharrema4u@mtv.com,Female,2024-02-08,chef,20109
176,Elsie,Wellan,ewellan4v@mail.ru,Female,2023-09-26,waiter,28992
177,Anne-corinne,Chupin,achupin4w@ebay.com,Female,2023-12-28,chef,68253
178,Ashly,Phebey,aphebey4x@phoca.cz,Female,2023-06-17,chef,50442
179,Matty,Attree,mattree4y@ted.com,Male,2024-02-08,waiter,56010
180,Roxi,Gant,rgant4z@purevolume.com,Female,2023-06-09,waiter,50190
181,Lishe,Bretherick,lbretherick50@moonfruit.com,Female,2023-09-16,chef,60436
182,Cazzie,Onge,conge51@issuu.com,Male,2024-02-04,chef,20944
183,Darlleen,MacPaik,dmacpaik52@wikia.com,Female,2023-08-17,chef,42110
184,Lisle,Matthai,lmatthai53@canalblog.com,Male,2023-08-01,manager,43626
185,Gladi,Bernlin,gbernlin54@hud.gov,Female,2024-02-05,waiter,33135
186,Farris,Dodman,fdodman55@goodreads.com,Male,2024-02-26,manager,67979
187,Selie,Beri,sberi56@ibm.com,Female,2024-01-28,waiter,28802
188,Gisele,Skalls,gskalls57@1688.com,Female,2024-03-01,chef,35969
189,Paulo,McHale,pmchale58@nps.gov,Male,2023-11-27,chef,63354
190,Friedrick,Struttman,fstruttman59@purevolume.com,Male,2024-01-28,waiter,28048
191,Harriett,Ferriby,hferriby5a@1688.com,Female,2024-03-22,waiter,64151
192,Shandie,Crosfeld,scrosfeld5b@usnews.com,Female,2023-12-31,waiter,24783
193,Garwin,Johnikin,gjohnikin5c@sciencedirect.com,Bigender,2023-11-27,waiter,35233
194,Sofie,Melsom,smelsom5d@twitter.com,Female,2023-11-28,chef,68007
195,Winfield,Foxten,wfoxten5e@independent.co.uk,Male,2024-01-04,waiter,67697
196,Alena,Sparkes,asparkes5f@fda.gov,Agender,2023-11-10,manager,76218
197,Jarret,Gelly,jgelly5g@marketwatch.com,Male,2023-12-22,chef,34260
198,Verne,Minett,vminett5h@wordpress.com,Male,2023-06-10,chef,71129
199,Kylie,Secker,ksecker5i@google.es,Female,2024-03-27,manager,77646
200,Robbie,Oldershaw,roldershaw5j@smh.com.au,Genderfluid,2024-01-12,chef,66603
201,Ferd,Medhurst,fmedhurst5k@ow.ly,Bigender,2023-07-14,waiter,73296
202,Durant,Danbrook,ddanbrook5l@nydailynews.com,Male,2023-12-06,chef,23090
203,Nikolaos,Amiranda,namiranda5m@nifty.com,Male,2024-02-21,waiter,74333
204,Rex,Idale,ridale5n@youtu.be,Male,2023-06-09,waiter,26769
205,Torrance,Strowger,tstrowger5o@msn.com,Male,2023-05-01,waiter,45950
206,Shaine,Gerish,sgerish5p@state.tx.us,Male,2023-12-17,waiter,55721
207,Gisella,Stedall,gstedall5q@mac.com,Female,2023-08-19,waiter,60896
208,Raye,Ewenson,rewenson5r@creativecommons.org,Female,2023-05-11,waiter,35141
209,Rinaldo,Cecil,rcecil5s@typepad.com,Male,2023-11-01,chef,29471
210,Cchaddie,Gadeaux,cgadeaux5t@etsy.com,Male,2023-04-20,manager,33402
211,Jay,Ashington,jashington5u@a8.net,Male,2023-05-05,waiter,26979
212,Ive,Kittley,ikittley5v@cmu.edu,Male,2023-09-07,waiter,56604
213,Liv,Penberthy,lpenberthy5w@storify.com,Genderfluid,2023-08-01,waiter,36745
214,Amandie,Bengall,abengall5x@barnesandnoble.com,Female,2023-11-21,chef,76445
215,Kelci,Sloane,ksloane5y@wired.com,Female,2024-03-26,waiter,47531
216,Griffin,Trundell,gtrundell5z@accuweather.com,Male,2023-06-01,chef,74787
217,Maryjane,Grundon,mgrundon60@ucla.edu,Female,2024-04-15,waiter,76487
218,Steffi,Froud,sfroud61@dedecms.com,Female,2023-04-29,chef,37210
219,Yankee,Brute,ybrute62@dyndns.org,Male,2023-05-16,waiter,79406
220,Bent,Treadway,btreadway63@wordpress.com,Male,2023-10-15,waiter,71062
221,Carmita,Blind,cblind64@vistaprint.com,Female,2023-12-21,waiter,72189
222,Dasi,Breeder,dbreeder65@umich.edu,Female,2023-11-07,chef,41011
223,Darsie,Simkins,dsimkins66@wisc.edu,Female,2023-08-29,chef,40631
224,Herculie,Sliney,hsliney67@vinaora.com,Male,2024-02-18,manager,48631
225,Bethina,Mullins,bmullins68@paginegialle.it,Female,2024-03-23,waiter,30535
226,Maxie,Bigrigg,mbigrigg69@dropbox.com,Female,2023-11-12,waiter,40374
227,Bab,Milton-White,bmiltonwhite6a@friendfeed.com,Female,2023-10-18,chef,76834
228,Danielle,Lidster,dlidster6b@mozilla.org,Female,2024-03-23,waiter,49263
229,Benson,Tamas,btamas6c@symantec.com,Bigender,2023-12-11,waiter,74807
230,Ewell,Abelson,eabelson6d@example.com,Male,2023-05-31,chef,44569
231,Emili,Palfrie,epalfrie6e@amazonaws.com,Female,2024-04-08,manager,41715
232,Hedwig,Andriessen,handriessen6f@chicagotribune.com,Female,2023-07-22,waiter,24042
233,Kliment,Riall,kriall6g@elpais.com,Genderqueer,2023-10-11,chef,37885
234,Dyan,Freke,dfreke6h@hibu.com,Female,2024-01-22,waiter,62531
235,Aylmar,Kinge,akinge6i@wikimedia.org,Male,2023-06-27,chef,70257
236,Anabella,Boyda,aboyda6j@chicagotribune.com,Female,2024-03-19,chef,63673
237,Channa,Haughton,chaughton6k@mediafire.com,Female,2024-02-16,chef,59737
238,Jeanna,Horribine,jhorribine6l@cnn.com,Female,2023-12-21,waiter,68469
239,Raffaello,Sawart,rsawart6m@prlog.org,Male,2024-01-24,chef,70805
240,Biron,Brodhead,bbrodhead6n@so-net.ne.jp,Male,2024-01-27,waiter,47039
241,Vinni,Puckham,vpuckham6o@google.de,Female,2023-09-26,waiter,50649
242,Guido,Balint,gbalint6p@cam.ac.uk,Male,2023-05-10,chef,32798
243,Diannne,Pridding,dpridding6q@digg.com,Female,2023-08-31,chef,35034
244,Murial,Driuzzi,mdriuzzi6r@typepad.com,Female,2023-04-21,chef,70819
245,Cecilius,Leveridge,cleveridge6s@ibm.com,Male,2024-01-18,chef,68219
246,Jermain,Apdell,japdell6t@yellowpages.com,Male,2024-01-16,manager,48257
247,Gilberte,Troman,gtroman6u@discovery.com,Female,2023-06-12,waiter,39501
248,Gabriel,Backshaw,gbackshaw6v@yahoo.com,Male,2023-04-23,waiter,68787
249,Cassondra,Satterley,csatterley6w@flickr.com,Female,2023-06-26,chef,40082
250,Kathlin,Rangle,krangle6x@huffingtonpost.com,Female,2023-09-28,waiter,53688
251,Gal,Dranfield,gdranfield6y@dyndns.org,Male,2024-02-26,chef,73935
252,Westley,Almey,walmey6z@ft.com,Male,2023-11-05,chef,45957
253,Ring,Peverell,rpeverell70@cdc.gov,Male,2023-11-14,chef,51672
254,Ermina,Sussans,esussans71@edublogs.org,Female,2023-08-19,waiter,58055
255,Olivia,Vittore,ovittore72@kickstarter.com,Female,2023-05-11,chef,47800
256,Korie,Yardley,kyardley73@studiopress.com,Female,2023-07-10,waiter,21838
257,Mariana,Jaeggi,mjaeggi74@behance.net,Female,2023-06-23,chef,79999
258,Doyle,Lamasna,dlamasna75@cmu.edu,Agender,2023-06-27,chef,25002
259,Delores,O' Connell,doconnell76@elegantthemes.com,Female,2023-09-29,waiter,59760
260,Fan,Perkins,fperkins77@instagram.com,Female,2023-09-14,chef,27069
261,Simonne,Norcutt,snorcutt78@slate.com,Female,2023-06-05,waiter,38314
262,Noll,Curtin,ncurtin79@sourceforge.net,Male,2023-04-23,waiter,41239
263,Durant,Chalfant,dchalfant7a@zdnet.com,Male,2024-01-17,waiter,78194
264,Chryste,Jurca,cjurca7b@ted.com,Female,2023-09-12,waiter,26695
265,Scott,Ickowics,sickowics7c@liveinternet.ru,Male,2023-07-01,chef,51362
266,Kiley,Duro,kduro7d@goo.ne.jp,Male,2024-03-15,chef,52772
267,Mahmoud,Haney,mhaney7e@ft.com,Male,2024-03-27,chef,69726
268,Peder,Tulley,ptulley7f@bbb.org,Non-binary,2023-08-06,chef,62676
269,Clemente,Allberry,callberry7g@washingtonpost.com,Male,2023-11-05,waiter,57621
270,Nadine,Weddell,nweddell7h@techcrunch.com,Female,2023-06-21,chef,42852
271,Georgeanna,Cobleigh,gcobleigh7i@upenn.edu,Female,2023-08-16,waiter,50936
272,Wallace,Radbond,wradbond7j@booking.com,Male,2023-06-02,chef,56890
273,Orrin,Beall,obeall7k@sogou.com,Male,2023-10-09,waiter,34461
274,Gilburt,Andrews,gandrews7l@discuz.net,Male,2023-07-31,waiter,40897
275,Nicholle,Ruggier,nruggier7m@latimes.com,Female,2023-05-26,waiter,67143
276,Randene,Dionisio,rdionisio7n@phoca.cz,Female,2023-12-04,waiter,74577
277,Son,Knutsen,sknutsen7o@ezinearticles.com,Male,2024-04-12,chef,33144
278,Bert,Groven,bgroven7p@marketwatch.com,Male,2023-09-22,waiter,75900
279,Darci,Feldman,dfeldman7q@uol.com.br,Female,2024-04-13,chef,45851
280,Marc,Frear,mfrear7r@upenn.edu,Genderqueer,2023-04-28,chef,25033
281,Natalya,MacElharge,nmacelharge7s@cnn.com,Genderfluid,2024-03-10,chef,75801
282,Nicky,Strathe,nstrathe7t@hud.gov,Female,2024-04-15,chef,78911
283,Baryram,Parcall,bparcall7u@tamu.edu,Male,2023-09-05,chef,67129
284,Free,von Grollmann,fvongrollmann7v@live.com,Male,2024-03-13,chef,68970
285,Kathryne,Iacoviello,kiacoviello7w@cnet.com,Female,2023-09-04,waiter,45730
286,Arin,Frise,afrise7x@freewebs.com,Male,2023-09-08,waiter,66864
287,Lynette,Strasse,lstrasse7y@virginia.edu,Female,2024-02-25,waiter,34941
288,Eldin,Burress,eburress7z@vkontakte.ru,Non-binary,2023-11-12,waiter,22897
289,Rochell,Emmet,remmet80@list-manage.com,Female,2024-02-25,chef,34730
290,Melosa,Blackmore,mblackmore81@nymag.com,Female,2023-09-17,chef,69110
291,Chrotoem,Canby,ccanby82@drupal.org,Male,2024-02-26,chef,64950
292,Irita,Crowcombe,icrowcombe83@wordpress.org,Female,2023-08-19,chef,74888
293,Zebadiah,Dudeney,zdudeney84@phpbb.com,Male,2023-10-11,waiter,58668
294,Reeba,Spratt,rspratt85@answers.com,Female,2023-10-07,chef,34187
295,Flem,Rustan,frustan86@ca.gov,Male,2023-06-20,waiter,58536
296,Orelie,Wannell,owannell87@github.io,Female,2023-05-31,waiter,23233
297,Carlynne,Lugsdin,clugsdin88@twitpic.com,Female,2023-04-28,chef,42702
298,Clement,Becerro,cbecerro89@hexun.com,Male,2024-01-18,waiter,23382
299,Tuck,Laise,tlaise8a@joomla.org,Male,2023-10-06,waiter,33646
300,Maurie,Isaak,misaak8b@virginia.edu,Male,2023-09-22,waiter,70856
301,Griz,Rosendale,grosendale8c@reference.com,Male,2024-01-10,waiter,49549
302,Marietta,Blasius,mblasius8d@chron.com,Male,2023-04-26,chef,57931
303,Alfonse,Scamp,ascamp8e@edublogs.org,Male,2023-08-26,waiter,31638
304,Florrie,Dallaway,fdallaway8f@admin.ch,Female,2023-07-19,waiter,33439
305,Simonette,de Clerk,sdeclerk8g@artisteer.com,Female,2023-05-06,waiter,40910
306,Wynn,Hastler,whastler8h@amazon.com,Bigender,2024-01-10,waiter,65761
307,Kyle,Torpie,ktorpie8i@themeforest.net,Female,2023-06-12,waiter,43542
308,Tobie,Putson,tputson8j@free.fr,Male,2023-11-15,waiter,49436
309,Gallagher,Billson,gbillson8k@virginia.edu,Male,2023-10-05,chef,26153
310,Kissee,Attenborrow,kattenborrow8l@businessinsider.com,Non-binary,2024-02-26,chef,21803
311,Martin,Krystek,mkrystek8m@nytimes.com,Male,2023-12-24,waiter,44021
312,Konstanze,Hoffner,khoffner8n@youku.com,Non-binary,2024-02-21,waiter,29855
313,Marys,Mottini,mmottini8o@eventbrite.com,Female,2023-05-16,chef,22116
314,Pren,Cottu,pcottu8p@ehow.com,Male,2024-02-16,waiter,61514
315,Eldin,Garlic,egarlic8q@hibu.com,Male,2023-10-19,chef,40503
316,Lula,Jakov,ljakov8r@springer.com,Female,2023-12-02,waiter,27279
317,Calley,Gerardeaux,cgerardeaux8s@sitemeter.com,Female,2023-11-18,chef,66311
318,Pacorro,Worley,pworley8t@slideshare.net,Male,2023-11-03,chef,51280
319,Paige,Glavias,pglavias8u@hatena.ne.jp,Genderqueer,2024-03-12,waiter,24877
320,Mace,Jenk,mjenk8v@constantcontact.com,Male,2023-12-31,chef,47456
321,Bat,Laight,blaight8w@cisco.com,Male,2023-10-04,waiter,46931
322,Kirk,Byfford,kbyfford8x@microsoft.com,Male,2024-02-09,chef,66369
323,Vernen,Vonasek,vvonasek8y@flickr.com,Male,2023-06-11,waiter,63239
324,Stace,Digman,sdigman8z@blinklist.com,Female,2023-09-08,chef,67165
325,Caritta,Heckle,checkle90@wikia.com,Female,2023-11-08,waiter,49176
326,Cheslie,Ragbourn,cragbourn91@multiply.com,Female,2023-10-08,manager,46302
327,Vaughn,Reddington,vreddington92@mapy.cz,Male,2023-09-18,manager,56306
328,Wallache,Fishleigh,wfishleigh93@homestead.com,Male,2023-12-27,chef,79113
329,Merl,Sherwyn,msherwyn94@flickr.com,Female,2023-07-06,chef,53436
330,Cora,Mochar,cmochar95@cnet.com,Female,2024-01-05,chef,57495
331,Carmel,Tadgell,ctadgell96@ed.gov,Bigender,2024-01-29,waiter,60435
332,Devlen,Collick,dcollick97@wordpress.org,Male,2023-07-15,chef,65528
333,Theda,Assiratti,tassiratti98@php.net,Female,2023-05-27,waiter,63492
334,Eberto,Wabersinke,ewabersinke99@simplemachines.org,Male,2023-06-04,waiter,46339
335,Davina,Willatt,dwillatt9a@tuttocitta.it,Bigender,2023-10-20,waiter,66169
336,Casandra,Lorenzetti,clorenzetti9b@themeforest.net,Female,2023-11-27,waiter,74516
337,Allard,Thompstone,athompstone9c@soup.io,Male,2023-10-10,chef,50286
338,Lavinie,Yexley,lyexley9d@wordpress.com,Female,2023-06-26,chef,32790
339,Jannelle,Fellgett,jfellgett9e@wikipedia.org,Female,2024-04-07,chef,76044
340,Pennie,Cantopher,pcantopher9f@senate.gov,Male,2023-08-15,chef,74914
341,Gail,Brugh,gbrugh9g@wufoo.com,Male,2023-09-02,chef,42648
342,Heidie,Dolden,hdolden9h@ucoz.ru,Bigender,2023-07-22,chef,39957
343,Thatcher,Pickance,tpickance9i@theglobeandmail.com,Male,2023-04-22,chef,62445
344,Tera,Cubitt,tcubitt9j@latimes.com,Female,2023-11-02,chef,28481
345,Catha,Scotti,cscotti9k@java.com,Female,2023-06-17,manager,55300
346,Wittie,Massingham,wmassingham9l@macromedia.com,Male,2023-06-05,chef,36055
347,Carlee,Banat,cbanat9m@washington.edu,Female,2023-11-17,chef,48588
348,Padgett,Doveston,pdoveston9n@acquirethisname.com,Male,2023-11-12,chef,72898
349,Danie,Bumphrey,dbumphrey9o@angelfire.com,Male,2024-03-21,waiter,30918
350,Roanna,Giacubbo,rgiacubbo9p@4shared.com,Female,2023-09-12,manager,51845
351,Nert,Larne,nlarne9q@wired.com,Female,2023-11-10,waiter,20847
352,Lenore,Napton,lnapton9r@bigcartel.com,Female,2023-09-14,chef,32718
353,Jade,Rispine,jrispine9s@list-manage.com,Female,2023-09-20,waiter,29888
354,Kristo,Lapish,klapish9t@howstuffworks.com,Male,2023-06-07,chef,21276
355,Kary,Lucien,klucien9u@miitbeian.gov.cn,Female,2023-04-27,chef,50225
356,Aguistin,Meece,ameece9v@oakley.com,Male,2024-03-12,chef,42681
357,Neils,Bowland,nbowland9w@geocities.com,Male,2023-08-30,waiter,43177
358,Ferdie,Thow,fthow9x@bloglines.com,Male,2023-06-05,waiter,53141
359,Hussein,McCarter,hmccarter9y@mit.edu,Male,2023-06-09,waiter,72167
360,Robby,Foxcroft,rfoxcroft9z@wunderground.com,Male,2023-11-26,waiter,56306
361,Alisa,Birmingham,abirminghama0@addthis.com,Female,2023-10-27,waiter,50990
362,Trueman,Worviell,tworviella1@hostgator.com,Genderqueer,2023-11-26,waiter,69868
363,Alex,Drayson,adraysona2@ihg.com,Female,2023-09-12,manager,59660
364,Ashton,Matson,amatsona3@blogtalkradio.com,Male,2023-10-26,manager,32461
365,Roi,Downey,rdowneya4@slate.com,Genderqueer,2023-05-25,waiter,36708
366,Cristionna,Potes,cpotesa5@shutterfly.com,Female,2024-03-16,chef,30633
367,Lawrence,Keer,lkeera6@squarespace.com,Male,2023-06-28,chef,47488
368,Idell,Colter,icoltera7@blogger.com,Female,2024-01-12,waiter,76410
369,Iorgos,Bairstow,ibairstowa8@mac.com,Male,2024-02-27,waiter,24091
370,Ingemar,Fernao,ifernaoa9@multiply.com,Male,2024-02-05,waiter,51047
371,Ranice,Dust,rdustaa@behance.net,Genderqueer,2023-07-23,waiter,60554
372,Eddy,Demead,edemeadab@omniture.com,Female,2023-12-25,waiter,21699
373,Joshia,Scotchford,jscotchfordac@buzzfeed.com,Male,2023-08-11,waiter,60004
374,Darice,Vida,dvidaad@soup.io,Female,2023-05-21,waiter,64094
375,Leo,Sanney,lsanneyae@reddit.com,Male,2023-06-14,chef,40503
376,Ofilia,Fronczak,ofronczakaf@domainmarket.com,Female,2024-03-10,chef,69877
377,Letizia,Kirk,lkirkag@pagesperso-orange.fr,Female,2023-05-13,waiter,58577
378,Guilbert,MacTimpany,gmactimpanyah@fema.gov,Male,2023-09-15,chef,35802
379,Domingo,Corton,dcortonai@msu.edu,Male,2023-09-15,chef,34698
380,Fanechka,Stanier,fstanieraj@wired.com,Non-binary,2023-10-14,chef,28698
381,Darcie,Curthoys,dcurthoysak@marriott.com,Female,2024-02-20,waiter,69967
382,Constanta,Mitchener,cmitcheneral@booking.com,Female,2023-10-12,waiter,40546
383,Britta,Ratcliff,bratcliffam@macromedia.com,Female,2023-09-11,waiter,51008
384,Alexandros,Grouen,agrouenan@sohu.com,Male,2023-06-05,chef,73263
385,Tamma,Llewellin,tllewellinao@nymag.com,Female,2023-10-31,waiter,51910
386,Cecily,Thwaites,cthwaitesap@comsenz.com,Female,2023-11-13,chef,46249
387,Rip,Tarn,rtarnaq@marriott.com,Male,2023-07-03,waiter,57645
388,Weider,Driffill,wdriffillar@wiley.com,Male,2023-10-31,waiter,62916
389,Livia,Alster,lalsteras@ameblo.jp,Female,2023-11-05,waiter,43370
390,Gleda,Elix,gelixat@qq.com,Female,2024-03-28,chef,70496
391,Annamarie,Duckworth,aduckworthau@blinklist.com,Female,2023-09-10,waiter,43728
392,Lillian,Seago,lseagoav@cocolog-nifty.com,Female,2023-12-01,manager,68591
393,Ethe,Dimont,edimontaw@elegantthemes.com,Male,2024-04-01,waiter,48510
394,Wynn,Flacknell,wflacknellax@netvibes.com,Female,2024-03-02,chef,62926
395,Rachelle,Hatterslay,rhatterslayay@businessinsider.com,Female,2024-03-09,waiter,58910
396,Scott,Edeson,sedesonaz@taobao.com,Male,2023-11-24,waiter,40328
397,Eleni,Spelling,espellingb0@ehow.com,Female,2024-01-03,chef,23381
398,Malina,Richley,mrichleyb1@fc2.com,Female,2024-02-28,chef,66612
399,Charmian,Salzberg,csalzbergb2@freewebs.com,Polygender,2023-09-02,waiter,44402
400,Adair,Chesworth,achesworthb3@biglobe.ne.jp,Agender,2023-08-23,manager,61790
401,Anders,LAbbet,alabbetb4@amazon.co.uk,Male,2023-07-16,waiter,24808
402,Monah,Rattenberie,mrattenberieb5@wiley.com,Female,2023-07-22,chef,79509
403,Phil,McCray,pmccrayb6@vinaora.com,Male,2024-01-22,waiter,67975
404,Arnie,Bosence,abosenceb7@cocolog-nifty.com,Male,2024-03-17,waiter,40843
405,Wake,Falloon,wfalloonb8@marriott.com,Male,2023-12-13,chef,73693
406,Delphine,Fowell,dfowellb9@mit.edu,Female,2023-11-30,waiter,70938
407,Christos,Emor,cemorba@jalbum.net,Male,2024-03-06,waiter,20440
408,Joyous,Meaker,jmeakerbb@shinystat.com,Female,2024-04-02,chef,37416
409,Tammie,Realy,trealybc@va.gov,Male,2023-05-17,chef,38493
410,Sabrina,Amys,samysbd@shop-pro.jp,Female,2024-04-07,waiter,28102
411,Gottfried,Rangall,grangallbe@e-recht24.de,Male,2024-01-01,chef,53333
412,Fawnia,Trenbey,ftrenbeybf@a8.net,Female,2023-10-09,waiter,65436
413,Tove,Dietmar,tdietmarbg@cafepress.com,Female,2023-05-12,waiter,50572
414,Kelby,Charnley,kcharnleybh@cisco.com,Male,2023-08-13,waiter,53535
415,Jordan,Persitt,jpersittbi@amazon.de,Male,2023-08-18,waiter,79377
416,Yvette,Linnitt,ylinnittbj@usgs.gov,Female,2023-06-12,chef,69944
417,Emory,Horley,ehorleybk@businesswire.com,Male,2023-06-22,chef,77087
418,Cly,Broker,cbrokerbl@yahoo.co.jp,Male,2023-09-25,chef,44373
419,Antonia,Clarae,aclaraebm@google.de,Female,2023-08-15,chef,52656
420,Janenna,Ranson,jransonbn@google.com.br,Female,2023-09-03,waiter,46958
421,Gus,Lowton,glowtonbo@buzzfeed.com,Female,2023-12-11,waiter,76417
422,Barrett,Portail,bportailbp@google.com.br,Male,2024-01-02,waiter,47140
423,Shay,Burtonshaw,sburtonshawbq@ftc.gov,Male,2023-11-09,manager,69435
424,Xylia,Grosvenor,xgrosvenorbr@google.de,Female,2024-02-20,chef,39706
425,Sigmund,Matley,smatleybs@upenn.edu,Male,2023-05-16,chef,38851
426,Noel,Jurisic,njurisicbt@salon.com,Female,2024-04-17,waiter,60668
427,Else,Broadley,ebroadleybu@nydailynews.com,Female,2024-02-27,manager,23102
428,Mohandas,Landrean,mlandreanbv@surveymonkey.com,Male,2023-07-21,chef,39997
429,Jamima,Pitt,jpittbw@example.com,Female,2023-06-13,manager,44609
430,Cleveland,Tuley,ctuleybx@bloglines.com,Male,2024-01-03,waiter,41440
431,Kimberlyn,Vaszoly,kvaszolyby@rediff.com,Female,2023-11-22,chef,56780
432,Flemming,Kerwick,fkerwickbz@theglobeandmail.com,Male,2023-07-28,waiter,75968
433,Stillman,Habergham,shaberghamc0@google.es,Male,2023-06-28,waiter,39576
434,Wain,Tregonna,wtregonnac1@bizjournals.com,Male,2023-04-22,chef,79899
435,Cassandra,Jancik,cjancikc2@craigslist.org,Female,2024-04-10,waiter,76946
436,Darrin,Patman,dpatmanc3@umich.edu,Male,2024-02-06,chef,50044
437,Aurlie,Gero,ageroc4@vkontakte.ru,Female,2023-06-08,waiter,67980
438,Alverta,Schankelborg,aschankelborgc5@photobucket.com,Female,2023-10-06,chef,21237
439,Joscelin,McCroary,jmccroaryc6@weebly.com,Female,2024-03-11,waiter,35229
440,Fabio,Behne,fbehnec7@vk.com,Male,2024-01-28,chef,65418
441,Hart,Obert,hobertc8@bravesites.com,Male,2023-09-07,waiter,40381
442,Korey,Munro,kmunroc9@mozilla.org,Male,2023-08-05,waiter,69461
443,Hannie,Hulstrom,hhulstromca@canalblog.com,Female,2023-05-07,chef,54980
444,Doroteya,Chatelot,dchatelotcb@reverbnation.com,Female,2024-03-10,chef,20982
445,Chryste,Penrose,cpenrosecc@sciencedirect.com,Agender,2023-09-18,chef,44958
446,Carlye,Duprey,cdupreycd@ning.com,Polygender,2023-09-17,chef,57825
447,Grayce,Dennington,gdenningtonce@mit.edu,Genderfluid,2023-05-21,chef,60733
448,Thorpe,Kimmons,tkimmonscf@mapy.cz,Male,2023-11-26,waiter,60342
449,Ave,Michiel,amichielcg@apache.org,Male,2023-08-03,chef,60102
450,Hynda,Kuhnt,hkuhntch@meetup.com,Female,2023-09-25,chef,27605
451,Emery,Saltsberg,esaltsbergci@wikimedia.org,Male,2023-08-06,waiter,56093
452,Merissa,Sherland,msherlandcj@boston.com,Female,2023-08-10,chef,59958
453,Maris,Merrick,mmerrickck@moonfruit.com,Female,2023-10-07,chef,48158
454,Emyle,Lodwig,elodwigcl@epa.gov,Female,2024-01-18,chef,39187
455,Fulton,Mohamed,fmohamedcm@google.pl,Male,2023-11-10,chef,73299
456,Maurits,Whilde,mwhildecn@si.edu,Male,2024-04-03,chef,66634
457,Jocelin,Booton,jbootonco@seattletimes.com,Female,2023-11-19,waiter,44233
458,Wallis,Crouch,wcrouchcp@mtv.com,Non-binary,2023-07-16,waiter,23918
459,Martita,Loseke,mlosekecq@weather.com,Female,2023-05-18,waiter,26365
460,Frayda,Lowmass,flowmasscr@1und1.de,Female,2023-04-28,chef,46336
461,Myra,Saleway,msalewaycs@ovh.net,Female,2023-10-16,waiter,37264
462,Brande,Southerill,bsoutherillct@wix.com,Genderqueer,2023-08-11,waiter,51749
463,Rosabella,Goaley,rgoaleycu@cocolog-nifty.com,Female,2024-01-20,chef,78885
464,Gilburt,Ferenc,gferenccv@nymag.com,Agender,2024-03-12,chef,58613
465,Pedro,Guyers,pguyerscw@altervista.org,Male,2023-12-19,waiter,67293
466,Lolita,Kornilov,lkornilovcx@wikispaces.com,Female,2023-06-08,waiter,21076
467,Cletus,Beckitt,cbeckittcy@mtv.com,Male,2023-12-25,waiter,30810
468,Antonina,Heenan,aheenancz@reuters.com,Female,2024-03-12,chef,45374
469,Frederich,Fermoy,ffermoyd0@sun.com,Male,2024-03-02,chef,35887
470,Gherardo,Petchell,gpetchelld1@wiley.com,Male,2024-04-02,waiter,57439
471,Jasper,Rush,jrushd2@hubpages.com,Genderfluid,2023-05-04,waiter,39370
472,Redd,de Mendoza,rdemendozad3@freewebs.com,Male,2024-03-12,waiter,56556
473,Gabriell,Checkley,gcheckleyd4@parallels.com,Female,2023-05-22,chef,37447
474,Gunther,Lardeur,glardeurd5@npr.org,Male,2023-12-01,chef,38385
475,Eolande,Civitillo,ecivitillod6@vk.com,Female,2024-03-01,chef,72586
476,Arvie,Baiden,abaidend7@ocn.ne.jp,Male,2023-05-25,chef,50853
477,Bobbye,Caroli,bcarolid8@altervista.org,Female,2023-12-17,chef,77733
478,Augustine,Mannock,amannockd9@cdbaby.com,Female,2023-06-16,chef,72106
479,Adriaens,McCormack,amccormackda@soundcloud.com,Female,2023-07-08,chef,73510
480,Idaline,Lanktree,ilanktreedb@baidu.com,Female,2024-03-13,waiter,51465
481,Amitie,Lismer,alismerdc@shareasale.com,Female,2023-11-16,waiter,41718
482,Ami,Cane,acanedd@cargocollective.com,Genderqueer,2023-05-22,chef,75889
483,Leshia,Groarty,lgroartyde@alexa.com,Female,2023-08-02,chef,54936
484,Aurelie,Gravener,agravenerdf@timesonline.co.uk,Female,2023-12-02,chef,76909
485,Derrick,Mairs,dmairsdg@jalbum.net,Non-binary,2023-09-18,waiter,29126
486,Merill,Thomann,mthomanndh@ifeng.com,Male,2024-03-11,chef,29051
487,Tobit,Lowless,tlowlessdi@google.de,Polygender,2024-02-05,waiter,41617
488,Rem,Agius,ragiusdj@sciencedaily.com,Male,2024-01-25,waiter,66765
489,Dyan,Trelease,dtreleasedk@nbcnews.com,Female,2024-04-14,chef,68498
490,Daffi,Ert,dertdl@imgur.com,Female,2024-03-04,waiter,43697
491,Patty,Bernhart,pbernhartdm@live.com,Agender,2023-10-07,waiter,54174
492,Cele,Cleyburn,ccleyburndn@redcross.org,Female,2024-03-18,chef,62607
493,Fawnia,Parnell,fparnelldo@google.ru,Female,2023-09-15,waiter,54971
494,Daisie,Fonzone,dfonzonedp@guardian.co.uk,Female,2023-09-15,chef,24237
495,Margarita,Grieve,mgrievedq@4shared.com,Female,2024-02-25,chef,51111
496,Siana,Callis,scallisdr@psu.edu,Female,2023-05-19,waiter,54060
497,Banky,Roome,broomeds@hc360.com,Male,2023-07-01,chef,69978
498,Brianne,Bickerstasse,bbickerstassedt@deliciousdays.com,Genderfluid,2023-10-13,chef,46628
499,Clayton,Borham,cborhamdu@nasa.gov,Male,2023-05-05,chef,42918
500,Leisha,O' Mullan,lomullandv@hc360.com,Female,2023-09-08,waiter,58907
501,Bo,Kulver,bkulverdw@amazon.de,Male,2023-06-30,waiter,67769
502,Alayne,Cashley,acashleydx@fema.gov,Female,2024-01-16,chef,64320
503,Boigie,Chevins,bchevinsdy@theglobeandmail.com,Male,2024-01-12,chef,62815
504,Corby,Aubert,caubertdz@blogger.com,Male,2023-11-16,waiter,32207
505,Leora,Moorrud,lmoorrude0@wiley.com,Female,2023-10-14,chef,51903
506,Olva,Esmonde,oesmondee1@phoca.cz,Female,2023-12-09,waiter,33719
507,Maxy,Bunning,mbunninge2@ning.com,Female,2023-05-10,chef,77553
508,Lulu,Domino,ldominoe3@acquirethisname.com,Female,2023-10-17,waiter,47153
509,Alecia,Cashley,acashleye4@sohu.com,Female,2023-05-12,chef,58562
510,Erin,Turnor,eturnore5@twitter.com,Female,2023-11-15,chef,57896
511,Lurleen,Raden,lradene6@altervista.org,Female,2024-03-24,chef,46918
512,Rosanne,Flatley,rflatleye7@auda.org.au,Female,2023-07-23,waiter,42910
513,Betsey,Sanja,bsanjae8@usa.gov,Female,2023-07-17,waiter,62885
514,Cozmo,Hairyes,chairyese9@artisteer.com,Male,2023-08-08,waiter,40242
515,Miriam,Knappe,mknappeea@tripadvisor.com,Female,2023-10-31,chef,76480
516,Heall,Curry,hcurryeb@biblegateway.com,Male,2023-06-02,waiter,44369
517,Thornie,Drabble,tdrabbleec@constantcontact.com,Male,2023-10-10,waiter,75635
518,Chaddy,Ludgrove,cludgroveed@yellowpages.com,Male,2024-03-06,waiter,72266
519,Jeff,Dibble,jdibbleee@tinypic.com,Male,2023-06-23,chef,60730
520,Sandy,Hall,shallef@hp.com,Male,2023-11-14,chef,23627
521,Shurlocke,Meier,smeiereg@dailymail.co.uk,Male,2023-09-14,chef,58511
522,Allayne,Brogini,abroginieh@last.fm,Male,2024-02-07,chef,43780
523,Denys,Davidovich,ddavidovichei@independent.co.uk,Female,2024-01-17,chef,74312
524,Clemence,MacAlroy,cmacalroyej@vimeo.com,Female,2023-11-06,chef,29184
525,Wilbur,Karlolczak,wkarlolczakek@umich.edu,Male,2023-05-12,chef,47416
526,Alejandrina,Hawthorn,ahawthornel@privacy.gov.au,Female,2023-11-08,waiter,77400
527,Ardisj,Itscowics,aitscowicsem@google.fr,Female,2023-05-14,waiter,67488
528,Pammie,Neely,pneelyen@sakura.ne.jp,Female,2023-05-16,chef,76224
529,Troy,Meneghi,tmeneghieo@home.pl,Male,2023-09-28,chef,50198
530,Holly,Kornacki,hkornackiep@cloudflare.com,Female,2023-12-12,chef,56945
531,Cordell,Dible,cdibleeq@slideshare.net,Male,2024-03-30,chef,57593
532,Ariella,Paulus,apauluser@who.int,Polygender,2024-01-07,chef,22847
533,Goldie,Gowanson,ggowansones@rambler.ru,Female,2023-04-26,chef,73343
534,Cherlyn,Ribbens,cribbenset@statcounter.com,Female,2023-09-03,waiter,68326
535,Allin,Screas,ascreaseu@sourceforge.net,Male,2023-07-23,waiter,70531
536,Alexandro,Lansdown,alansdownev@jugem.jp,Male,2024-04-03,chef,44023
537,Lezley,Wyllis,lwyllisew@canalblog.com,Male,2024-04-03,chef,57806
538,Agatha,Persse,apersseex@gnu.org,Female,2023-12-22,chef,73062
539,Hamlin,Altimas,haltimasey@macromedia.com,Male,2023-06-07,waiter,72919
540,Gail,Whyke,gwhykeez@nsw.gov.au,Female,2023-11-26,chef,72269
541,Daloris,Tickner,dticknerf0@storify.com,Female,2024-03-27,waiter,41282
542,Catherine,Bagster,cbagsterf1@whitehouse.gov,Female,2024-03-19,waiter,57384
543,Clay,Brattan,cbrattanf2@nifty.com,Male,2023-07-01,waiter,65418
544,Fin,Hagwood,fhagwoodf3@imageshack.us,Male,2024-02-25,waiter,31582
545,Sheilah,Pordall,spordallf4@google.com.br,Female,2024-03-15,chef,54627
546,Zak,Klimschak,zklimschakf5@dropbox.com,Male,2023-08-23,manager,74363
547,Hercule,Bundey,hbundeyf6@nymag.com,Male,2023-04-20,manager,73467
548,Wren,Penticoot,wpenticootf7@freewebs.com,Female,2024-02-28,chef,25962
549,Dede,Cicccitti,dcicccittif8@taobao.com,Genderfluid,2023-05-24,waiter,49030
550,Morgan,Harpin,mharpinf9@biblegateway.com,Male,2023-09-16,chef,26403
551,Delphinia,Andrejevic,dandrejevicfa@tripadvisor.com,Female,2023-09-05,chef,47724
552,Damara,Stockill,dstockillfb@ustream.tv,Female,2023-11-05,chef,25243
553,Hinze,Pigeram,hpigeramfc@thetimes.co.uk,Genderqueer,2024-03-21,chef,57930
554,Korrie,Brecknell,kbrecknellfd@yahoo.com,Female,2023-07-16,manager,76568
555,Dulci,Hanretty,dhanrettyfe@squarespace.com,Non-binary,2023-11-03,chef,72425
556,Jarad,MacMurray,jmacmurrayff@artisteer.com,Male,2023-08-04,chef,73940
557,Sari,Bruggeman,sbruggemanfg@cloudflare.com,Female,2023-07-22,waiter,24263
558,Federica,Derr,fderrfh@businessweek.com,Female,2023-10-10,waiter,67265
559,Lowrance,Iddon,liddonfi@ucoz.ru,Male,2023-07-21,manager,51748
560,Noam,Tinsey,ntinseyfj@cdbaby.com,Male,2023-07-03,waiter,79751
561,Bent,Burder,bburderfk@kickstarter.com,Male,2024-02-20,waiter,75576
562,Grazia,Pape,gpapefl@xing.com,Female,2024-02-23,chef,39553
563,Tremaine,Dell Casa,tdellcasafm@businessweek.com,Male,2023-12-27,waiter,79542
564,Opalina,Featonby,ofeatonbyfn@toplist.cz,Female,2023-05-16,waiter,56057
565,Clayson,Pyper,cpyperfo@virginia.edu,Male,2023-09-07,waiter,21664
566,Dasi,Jeacop,djeacopfp@ted.com,Female,2024-03-11,waiter,44837
567,Gwenore,Briggdale,gbriggdalefq@qq.com,Non-binary,2024-02-18,chef,36884
568,Ancell,Fodden,afoddenfr@github.io,Male,2024-03-02,chef,54001
569,Morlee,Dresser,mdresserfs@tiny.cc,Male,2024-02-26,chef,48916
570,Philomena,Radsdale,pradsdaleft@gmpg.org,Female,2023-07-16,waiter,58276
571,Gerladina,Bulloch,gbullochfu@scientificamerican.com,Female,2024-01-25,waiter,52482
572,Loren,Bassingden,lbassingdenfv@discovery.com,Male,2023-06-23,chef,74342
573,Ruprecht,Doorey,rdooreyfw@drupal.org,Male,2023-06-16,waiter,61075
574,Margette,Lemmertz,mlemmertzfx@yale.edu,Female,2023-09-09,waiter,35352
575,Lena,Dermot,ldermotfy@mlb.com,Female,2023-11-30,chef,65566
576,Lyndel,Hebner,lhebnerfz@cbsnews.com,Female,2024-03-17,chef,72519
577,Ainslee,Fones,afonesg0@prweb.com,Female,2023-05-09,waiter,29603
578,Salome,Carmel,scarmelg1@archive.org,Female,2024-01-14,waiter,47136
579,Ferdy,Rickasse,frickasseg2@dedecms.com,Male,2024-02-09,chef,76681
580,Gregg,Clulow,gclulowg3@webeden.co.uk,Male,2024-03-19,waiter,38852
581,Maye,McKinnon,mmckinnong4@hostgator.com,Female,2023-08-02,waiter,66869
582,Clari,Piddocke,cpiddockeg5@people.com.cn,Female,2023-08-28,chef,26520
583,Scarlet,Yurshev,syurshevg6@liveinternet.ru,Female,2023-07-12,waiter,74852
584,Trenna,Paolacci,tpaolaccig7@symantec.com,Female,2023-08-28,waiter,77179
585,Abie,Ashforth,aashforthg8@census.gov,Male,2023-08-22,chef,28067
586,Margette,Littlecote,mlittlecoteg9@icq.com,Female,2023-05-31,waiter,33205
587,Bart,Crake,bcrakega@usnews.com,Male,2024-03-03,waiter,47890
588,Freddie,Wilbud,fwilbudgb@biglobe.ne.jp,Polygender,2023-09-25,waiter,64894
589,Annabela,Bayman,abaymangc@toplist.cz,Female,2024-03-22,chef,30663
590,Nikolas,Ashbe,nashbegd@redcross.org,Male,2024-03-14,manager,54619
591,Giana,Demongeot,gdemongeotge@cpanel.net,Female,2023-04-29,waiter,35957
592,Dorette,Burndred,dburndredgf@china.com.cn,Female,2023-09-08,chef,47300
593,Javier,Dodgshun,jdodgshungg@huffingtonpost.com,Male,2023-04-21,waiter,55935
594,Gare,Statersfield,gstatersfieldgh@ucsd.edu,Male,2023-05-20,chef,41143
595,Cary,Cheston,cchestongi@smugmug.com,Male,2023-10-31,waiter,59782
596,Fern,Panyer,fpanyergj@disqus.com,Female,2023-05-01,chef,73918
597,Elaina,Tonbridge,etonbridgegk@senate.gov,Female,2023-06-06,chef,56048
598,Rosalinda,Ethridge,rethridgegl@sun.com,Female,2023-05-10,waiter,57119
599,Steve,Beckhurst,sbeckhurstgm@washingtonpost.com,Male,2023-10-17,chef,27637
600,Karlyn,Trace,ktracegn@craigslist.org,Female,2024-02-15,chef,22277
601,Corrianne,Powles,cpowlesgo@gov.uk,Female,2024-02-05,chef,26380
602,Marigold,McComas,mmccomasgp@prnewswire.com,Female,2023-05-14,waiter,75874
603,Gordon,D'Hooge,gdhoogegq@cnbc.com,Male,2023-05-26,manager,30963
604,Laureen,Leetham,lleethamgr@so-net.ne.jp,Female,2023-05-31,chef,23886
605,Lissy,Gwillim,lgwillimgs@tumblr.com,Female,2023-10-24,waiter,76500
606,Catarina,Thunderman,cthundermangt@google.pl,Female,2023-11-27,waiter,55845
607,Sheelah,Goggin,sgoggingu@gizmodo.com,Female,2024-03-19,waiter,70450
608,Ara,Benedetti,abenedettigv@hhs.gov,Female,2024-02-11,waiter,53395
609,Sybille,Toman,stomangw@amazon.de,Female,2023-08-26,waiter,40605
610,Waldon,Moralas,wmoralasgx@theatlantic.com,Male,2023-09-11,chef,55753
611,Nickola,Sang,nsanggy@yellowpages.com,Male,2023-05-05,manager,76313
612,Casandra,Gildea,cgildeagz@independent.co.uk,Female,2024-03-19,waiter,26305
613,Blanche,MacMenamin,bmacmenaminh0@bbb.org,Female,2023-07-15,waiter,70218
614,Antonina,Straun,astraunh1@cisco.com,Female,2024-01-06,waiter,71274
615,Freedman,Demangel,fdemangelh2@seattletimes.com,Male,2024-04-15,waiter,28398
616,Isa,Camerana,icameranah3@devhub.com,Genderqueer,2023-05-21,waiter,22553
617,Mack,Creech,mcreechh4@booking.com,Male,2023-11-23,waiter,64166
618,Rozelle,Stickens,rstickensh5@freewebs.com,Female,2024-02-13,waiter,35628
619,Julee,Lockwood,jlockwoodh6@networkadvertising.org,Female,2024-01-31,waiter,53971
620,Carolyne,Gargett,cgargetth7@accuweather.com,Female,2023-07-20,waiter,34012
621,Maximilien,Wingfield,mwingfieldh8@macromedia.com,Male,2024-04-14,waiter,42296
622,Katuscha,Halloway,khallowayh9@dion.ne.jp,Female,2023-07-25,chef,44744
623,Marthena,Streak,mstreakha@github.com,Female,2024-04-03,waiter,27678
624,Emmanuel,Water,ewaterhb@4shared.com,Male,2024-03-25,waiter,53118
625,Harold,Grafton,hgraftonhc@cpanel.net,Male,2023-12-21,waiter,76672
626,Addia,Eggerton,aeggertonhd@squidoo.com,Non-binary,2023-04-28,waiter,63012
627,Alano,Gregolotti,agregolottihe@admin.ch,Male,2023-09-04,waiter,57620
628,Ludwig,Barnwill,lbarnwillhf@dagondesign.com,Male,2023-12-21,manager,78270
629,Gretal,Normant,gnormanthg@google.co.uk,Female,2024-03-02,waiter,24059
630,Cam,D'eath,cdeathhh@bandcamp.com,Female,2023-05-02,chef,49992
631,Roselia,Makey,rmakeyhi@java.com,Female,2023-05-06,waiter,66357
632,Isador,Itzchaky,iitzchakyhj@dell.com,Male,2023-05-15,waiter,63319
633,Ettie,Deluze,edeluzehk@bravesites.com,Female,2023-08-11,waiter,68035
634,Yance,Sail,ysailhl@reverbnation.com,Male,2024-03-21,waiter,77927
635,Yorker,Banes,ybaneshm@feedburner.com,Genderfluid,2024-02-01,waiter,24514
636,Dunn,Isakovic,disakovichn@auda.org.au,Male,2023-07-05,chef,35004
637,Ransell,Gullivan,rgullivanho@boston.com,Non-binary,2023-06-14,waiter,25306
638,Charmine,Josebury,cjoseburyhp@wsj.com,Female,2024-03-27,chef,50605
639,Kriste,Oxshott,koxshotthq@eventbrite.com,Female,2023-08-27,waiter,20021
640,Virginie,Greenroyd,vgreenroydhr@bigcartel.com,Female,2023-06-24,waiter,78291
641,Mellisa,Yaxley,myaxleyhs@paginegialle.it,Female,2023-06-25,waiter,50384
642,Vaclav,Brantzen,vbrantzenht@ted.com,Male,2023-12-28,chef,41985
643,Lora,Mayling,lmaylinghu@over-blog.com,Female,2023-12-24,chef,38441
644,Haily,Folkard,hfolkardhv@bloglines.com,Male,2023-04-28,waiter,75722
645,Panchito,Gioani,pgioanihw@answers.com,Male,2024-01-26,chef,68362
646,Tanner,Halladey,thalladeyhx@symantec.com,Male,2023-07-09,manager,35979
647,Milicent,Duggleby,mdugglebyhy@bloomberg.com,Female,2023-10-22,waiter,77590
648,Rouvin,Greendale,rgreendalehz@printfriendly.com,Genderfluid,2023-12-25,waiter,66526
649,Sloan,Conningham,sconninghami0@51.la,Male,2023-10-23,chef,74374
650,Suzanne,Headech,sheadechi1@gravatar.com,Female,2024-04-09,waiter,67310
651,Maureene,Ravilus,mravilusi2@geocities.com,Female,2024-04-12,waiter,66453
652,Lusa,Bellay,lbellayi3@opera.com,Female,2023-08-15,waiter,76780
653,Josiah,McRobbie,jmcrobbiei4@blog.com,Male,2023-11-03,chef,23107
654,Xever,Frizell,xfrizelli5@archive.org,Male,2023-11-06,chef,76860
655,Ludvig,Swindells,lswindellsi6@t-online.de,Male,2023-06-02,chef,45631
656,Chrisse,Borzone,cborzonei7@ustream.tv,Male,2023-05-19,chef,26250
657,Kirk,Oubridge,koubridgei8@yellowbook.com,Male,2023-05-13,waiter,35365
658,Jesus,De Filippis,jdefilippisi9@hugedomains.com,Male,2024-02-27,chef,75429
659,Gwennie,Ringer,gringeria@nifty.com,Female,2023-05-26,waiter,39651
660,Bealle,Monckman,bmonckmanib@wikipedia.org,Polygender,2023-11-16,waiter,38764
661,Cleveland,Paoletto,cpaolettoic@posterous.com,Male,2024-03-21,chef,48209
662,Noam,Vella,nvellaid@1und1.de,Male,2024-01-30,waiter,64772
663,Floria,Muriel,fmurielie@hubpages.com,Bigender,2024-02-14,waiter,29277
664,Mario,Borit,mboritif@opensource.org,Male,2024-04-01,chef,30638
665,Chickie,Kees,ckeesig@tumblr.com,Male,2024-01-29,waiter,60751
666,Amandie,Biagi,abiagiih@meetup.com,Female,2024-04-10,manager,56959
667,Josephina,Stampe,jstampeii@altervista.org,Female,2023-10-10,waiter,37744
668,Roarke,Higgen,rhiggenij@slideshare.net,Male,2024-03-02,chef,20121
669,Ashlin,Spencer,aspencerik@oracle.com,Male,2023-08-13,chef,69366
670,Philomena,Walentynowicz,pwalentynowiczil@reverbnation.com,Female,2023-11-23,chef,59056
671,Electra,Calf,ecalfim@ftc.gov,Female,2024-03-08,chef,40118
672,Car,Guest,cguestin@jalbum.net,Male,2023-12-10,waiter,22466
673,Gareth,Deppen,gdeppenio@ow.ly,Male,2023-08-02,waiter,60821
674,Rafael,Lawrence,rlawrenceip@apple.com,Male,2024-03-07,chef,62843
675,Adolph,Moseley,amoseleyiq@ihg.com,Male,2024-03-02,waiter,48191
676,Marcelia,Caws,mcawsir@ovh.net,Female,2023-06-11,waiter,31150
677,Mora,McGaugan,mmcgauganis@biglobe.ne.jp,Female,2023-12-06,waiter,32977
678,Theodor,Dineen,tdineenit@mail.ru,Male,2023-10-07,waiter,74233
679,Cari,Dochon,cdochoniu@devhub.com,Female,2023-09-05,chef,58623
680,Sherye,Wilprecht,swilprechtiv@google.ru,Female,2023-08-09,chef,24555
681,Janella,Gallacher,jgallacheriw@blogger.com,Female,2023-07-09,manager,54031
682,Husain,Prettjohn,hprettjohnix@jalbum.net,Male,2024-04-03,waiter,75965
683,Sky,Cisneros,scisnerosiy@studiopress.com,Male,2024-02-15,waiter,71867
684,Terrill,Sarney,tsarneyiz@histats.com,Male,2023-12-07,waiter,60141
685,Kiah,Rodolico,krodolicoj0@addtoany.com,Female,2023-11-12,waiter,55243
686,Joni,Corry,jcorryj1@hhs.gov,Female,2023-05-09,waiter,55541
687,Andras,Plewes,aplewesj2@free.fr,Male,2023-10-25,waiter,27578
688,Carolan,Chadd,cchaddj3@about.me,Female,2023-07-26,manager,34204
689,Timothee,Benge,tbengej4@hubpages.com,Non-binary,2023-07-28,chef,44214
690,Fanya,Kisbee,fkisbeej5@amazon.co.uk,Female,2024-02-01,chef,63424
691,Bill,Crellim,bcrellimj6@ca.gov,Female,2024-02-24,chef,23506
692,Cinnamon,Manske,cmanskej7@indiatimes.com,Agender,2024-02-12,waiter,62871
693,Alastair,Hitzschke,ahitzschkej8@paginegialle.it,Male,2023-10-23,chef,51275
694,Rosene,Fludgate,rfludgatej9@hugedomains.com,Female,2023-08-13,waiter,52751
695,Alejoa,Trudgeon,atrudgeonja@kickstarter.com,Male,2023-04-28,waiter,40658
696,Stanislas,Montague,smontaguejb@dropbox.com,Male,2023-05-01,manager,66753
697,Harriett,Toynbee,htoynbeejc@mac.com,Female,2024-04-02,manager,52074
698,Iosep,Troup,itroupjd@jimdo.com,Male,2023-06-14,manager,22737
699,Cordey,Botler,cbotlerje@mit.edu,Female,2023-10-26,chef,37939
700,Candie,Laboune,clabounejf@state.gov,Female,2023-12-01,chef,66671
701,Valry,Karsh,vkarshjg@tumblr.com,Female,2023-07-20,waiter,42592
702,Annadiana,Addinall,aaddinalljh@ustream.tv,Female,2023-07-02,waiter,61566
703,Edin,Lahiff,elahiffji@ucla.edu,Female,2023-09-04,chef,34912
704,Felicia,Heisler,fheislerjj@ocn.ne.jp,Female,2024-03-12,chef,76258
705,Mohammed,Heathcott,mheathcottjk@odnoklassniki.ru,Male,2023-10-07,chef,31462
706,Kylynn,Outridge,koutridgejl@e-recht24.de,Female,2023-11-12,chef,61237
707,Cinda,Beeton,cbeetonjm@unblog.fr,Female,2023-07-14,waiter,64809
708,Leopold,Deshorts,ldeshortsjn@nifty.com,Agender,2023-10-20,chef,51578
709,Inesita,Aylott,iaylottjo@imageshack.us,Female,2023-07-31,waiter,48520
710,Rachelle,Warlton,rwarltonjp@1und1.de,Female,2023-08-17,waiter,36582
711,Heath,Prando,hprandojq@mac.com,Male,2023-11-13,waiter,68563
712,Ethelred,Ianelli,eianellijr@abc.net.au,Polygender,2023-06-10,waiter,66181
713,Mandy,Blackaller,mblackallerjs@deliciousdays.com,Female,2024-01-24,chef,22738
714,Hollie,Garvan,hgarvanjt@twitter.com,Female,2024-03-12,chef,63040
715,Sadie,Sharrock,ssharrockju@globo.com,Female,2023-10-29,waiter,50855
716,Bliss,Durnall,bdurnalljv@tuttocitta.it,Female,2023-05-10,chef,57307
717,Elsi,Commander,ecommanderjw@illinois.edu,Female,2023-09-27,chef,22986
718,Antonie,Newby,anewbyjx@wix.com,Female,2023-07-13,chef,24936
719,Amie,Vaillant,availlantjy@myspace.com,Female,2023-08-10,waiter,22447
720,Korie,Mugleston,kmuglestonjz@cbslocal.com,Female,2023-09-08,chef,53022
721,Krystyna,Cerie,kceriek0@ucla.edu,Female,2023-08-15,chef,22647
722,Stefa,Ridel,sridelk1@sciencedirect.com,Female,2024-04-06,waiter,64098
723,Adi,Francisco,afranciscok2@jugem.jp,Female,2024-01-29,chef,22985
724,Raquela,Tillerton,rtillertonk3@phoca.cz,Female,2024-03-21,waiter,28310
725,Kaylyn,Wildor,kwildork4@digg.com,Female,2023-07-21,chef,32656
726,Elysha,Hartle,ehartlek5@aboutads.info,Female,2024-03-14,chef,77556
727,Benjamin,Weems,bweemsk6@msu.edu,Male,2024-01-17,waiter,41532
728,Jasen,Helsby,jhelsbyk7@imdb.com,Male,2023-11-30,waiter,78051
729,Ileana,Lowy,ilowyk8@xing.com,Female,2023-04-27,manager,31025
730,Halimeda,Scullard,hscullardk9@live.com,Female,2023-11-26,waiter,30826
731,Anderson,Fitzpatrick,afitzpatrickka@com.com,Male,2023-07-25,waiter,48197
732,Nikaniki,Lindborg,nlindborgkb@istockphoto.com,Female,2024-02-01,chef,28927
733,Tirrell,Beers,tbeerskc@umn.edu,Male,2023-12-05,chef,23232
734,Eddy,Marchent,emarchentkd@miibeian.gov.cn,Male,2023-07-19,waiter,36691
735,Leigh,Corben,lcorbenke@sciencedirect.com,Male,2023-08-09,waiter,34854
736,Dorine,Bulleyn,dbulleynkf@moonfruit.com,Female,2023-12-14,chef,21279
737,Dorothy,Ditzel,dditzelkg@alexa.com,Polygender,2023-08-21,waiter,57012
738,Mayer,Timperley,mtimperleykh@marketwatch.com,Male,2023-05-08,chef,35314
739,Corrianne,Millgate,cmillgateki@liveinternet.ru,Female,2023-04-23,waiter,66688
740,Keene,Skehens,kskehenskj@soup.io,Male,2024-02-18,waiter,51469
741,Shauna,Gladeche,sgladechekk@amazon.de,Female,2024-03-24,waiter,46155
742,Quintin,Saul,qsaulkl@tinypic.com,Male,2023-07-15,waiter,72424
743,Alessandra,Walcar,awalcarkm@php.net,Female,2024-02-24,chef,47773
744,Carin,Toulson,ctoulsonkn@ucla.edu,Female,2024-01-08,chef,52756
745,Hughie,Beel,hbeelko@weebly.com,Male,2023-10-11,chef,26053
746,Ephrayim,Antrag,eantragkp@huffingtonpost.com,Male,2024-01-19,waiter,70516
747,Kimbra,Trafford,ktraffordkq@yandex.ru,Female,2024-02-26,waiter,71564
748,Adel,Verryan,averryankr@storify.com,Genderfluid,2023-05-09,waiter,79812
749,Zacharias,Francesconi,zfrancesconiks@deliciousdays.com,Male,2023-10-31,chef,40486
750,Jennifer,O'Lunney,jolunneykt@paginegialle.it,Female,2024-01-08,manager,79987
751,Sean,Weatherhogg,sweatherhoggku@shareasale.com,Male,2023-09-19,manager,46180
752,Fayette,Swendell,fswendellkv@xing.com,Female,2023-09-15,chef,79521
753,Peggi,Olsson,polssonkw@salon.com,Genderfluid,2023-09-11,waiter,65222
754,Yasmeen,Knightly,yknightlykx@cam.ac.uk,Female,2023-10-27,waiter,38361
755,Rochell,Groven,rgrovenky@mail.ru,Female,2023-05-16,chef,42071
756,Burnard,Huerta,bhuertakz@sourceforge.net,Male,2024-01-14,waiter,24920
757,Chery,Pilipets,cpilipetsl0@bloglovin.com,Female,2024-02-07,waiter,28433
758,Ranique,Stickford,rstickfordl1@google.co.jp,Female,2024-02-16,waiter,45278
759,Pascal,Ambrodi,pambrodil2@i2i.jp,Male,2023-08-20,waiter,46355
760,Wittie,Goodby,wgoodbyl3@google.co.uk,Male,2023-04-26,waiter,60921
761,Seline,Wennington,swenningtonl4@blogtalkradio.com,Female,2023-04-23,chef,79805
762,Hilton,Birwhistle,hbirwhistlel5@spiegel.de,Male,2024-01-11,chef,54405
763,Carlee,Hearnaman,chearnamanl6@telegraph.co.uk,Female,2023-08-24,chef,34191
764,Terrell,Cosbee,tcosbeel7@phpbb.com,Male,2023-06-28,manager,60683
765,Angela,Garrity,agarrityl8@google.cn,Genderfluid,2023-09-16,waiter,74249
766,Basile,Hamber,bhamberl9@icio.us,Male,2023-11-10,chef,55341
767,Alberta,Dunster,adunsterla@mayoclinic.com,Female,2024-04-17,chef,78092
768,Brigitta,Coundley,bcoundleylb@npr.org,Female,2024-02-14,chef,37048
769,Stephie,Angerstein,sangersteinlc@arstechnica.com,Female,2023-08-16,waiter,50414
770,Ruttger,Frankowski,rfrankowskild@github.io,Male,2023-08-26,waiter,62680
771,Bruce,Sheriff,bsheriffle@cmu.edu,Polygender,2023-05-05,waiter,59428
772,Herold,Clay,hclaylf@t-online.de,Male,2023-11-02,chef,23000
773,Madelon,Brayshaw,mbrayshawlg@godaddy.com,Female,2024-01-02,waiter,72364
774,Milka,Stock,mstocklh@alibaba.com,Female,2023-10-10,waiter,78889
775,Eugen,Mellhuish,emellhuishli@newyorker.com,Male,2023-12-04,waiter,76977
776,Shandee,Adamou,sadamoulj@blogtalkradio.com,Non-binary,2023-07-25,waiter,43892
777,Tod,Calverley,tcalverleylk@redcross.org,Male,2023-06-10,waiter,22674
778,Geneva,Street,gstreetll@scientificamerican.com,Female,2024-04-14,waiter,22259
779,Lind,Culy,lculylm@berkeley.edu,Non-binary,2023-08-12,chef,33179
780,Meridel,Vayne,mvayneln@unesco.org,Genderqueer,2023-07-06,chef,45639
781,Cristian,McConachie,cmcconachielo@walmart.com,Male,2023-11-05,manager,40055
782,Gleda,Bisatt,gbisattlp@weebly.com,Female,2023-07-25,chef,48367
783,Montgomery,Wells,mwellslq@over-blog.com,Male,2024-01-28,waiter,23028
784,Ariadne,Victoria,avictorialr@uol.com.br,Female,2023-11-30,chef,59363
785,Paco,Blucher,pblucherls@cocolog-nifty.com,Male,2024-02-24,waiter,30448
786,Andra,Aberdalgy,aaberdalgylt@nih.gov,Female,2023-11-23,chef,49584
787,Lorette,Madner,lmadnerlu@flavors.me,Polygender,2023-05-16,chef,72573
788,Petr,Mabey,pmabeylv@t-online.de,Male,2024-01-24,manager,62807
789,Tod,Helversen,thelversenlw@yahoo.com,Male,2023-08-23,waiter,78472
790,Ludvig,Dwyr,ldwyrlx@lulu.com,Male,2023-08-13,waiter,41844
791,Charlena,Clandillon,cclandillonly@bloglines.com,Female,2024-03-09,chef,33489
792,Barty,Givens,bgivenslz@vimeo.com,Male,2023-10-30,waiter,73996
793,Rab,Evason,revasonm0@ocn.ne.jp,Male,2024-03-03,chef,36527
794,Franny,Grogan,fgroganm1@squidoo.com,Female,2023-07-24,chef,51293
795,Quintus,Easterbrook,qeasterbrookm2@hexun.com,Male,2024-03-05,chef,74947
796,Shayne,Scotford,sscotfordm3@nifty.com,Female,2023-07-26,waiter,53801
797,Anallese,Kiehne,akiehnem4@soundcloud.com,Female,2024-03-27,chef,37239
798,Giorgia,Antoons,gantoonsm5@engadget.com,Female,2023-08-17,chef,55034
799,Chadd,Ulrik,culrikm6@wix.com,Male,2023-05-20,chef,70398
800,Enrichetta,Dellenbroker,edellenbrokerm7@mozilla.com,Female,2024-04-08,chef,33618
801,Tracy,Daenen,tdaenenm8@google.ru,Female,2023-11-16,chef,20407
802,Ula,Houndson,uhoundsonm9@icq.com,Female,2023-11-10,waiter,42499
803,Humphrey,Sanbroke,hsanbrokema@usa.gov,Male,2024-03-17,waiter,33993
804,Shalne,Poncet,sponcetmb@instagram.com,Female,2023-06-25,waiter,24779
805,Lewes,Confort,lconfortmc@ning.com,Male,2023-08-15,chef,67135
806,Elayne,Higgoe,ehiggoemd@jigsy.com,Female,2023-05-06,chef,58623
807,Bonnibelle,Harsant,bharsantme@xrea.com,Female,2023-08-19,chef,58273
808,Nealson,Vaneschi,nvaneschimf@independent.co.uk,Male,2023-10-11,manager,67350
809,Lori,Dodd,ldoddmg@admin.ch,Female,2023-12-28,waiter,43052
810,Aindrea,Fogg,afoggmh@state.gov,Female,2024-02-09,chef,32549
811,Wang,Grasser,wgrassermi@stanford.edu,Genderfluid,2023-05-29,chef,70028
812,Wade,Leatherland,wleatherlandmj@umn.edu,Male,2023-08-21,manager,50047
813,Cassius,Guilloton,cguillotonmk@pbs.org,Male,2023-07-02,waiter,25901
814,Kiley,Baress,kbaressml@blogspot.com,Female,2024-03-10,waiter,41410
815,Edouard,Pountney,epountneymm@cmu.edu,Male,2023-05-30,chef,26491
816,Naoma,Gocke,ngockemn@typepad.com,Female,2023-09-17,manager,26406
817,Tommie,Lowless,tlowlessmo@moonfruit.com,Male,2023-12-20,waiter,38044
818,Jobye,Pennoni,jpennonimp@narod.ru,Female,2023-07-16,waiter,76328
819,Florrie,Jacklin,fjacklinmq@prnewswire.com,Female,2023-11-29,waiter,21634
820,Tabby,Caldero,tcalderomr@prnewswire.com,Female,2023-11-12,chef,37861
821,Brooke,Doerrling,bdoerrlingms@mozilla.org,Female,2023-10-23,waiter,62748
822,Virge,Dine-Hart,vdinehartmt@wikispaces.com,Male,2024-03-20,waiter,63989
823,Hernando,Beveridge,hbeveridgemu@booking.com,Male,2023-08-17,chef,41853
824,Rad,Wagerfield,rwagerfieldmv@noaa.gov,Male,2024-02-08,waiter,48413
825,Gaylord,Spacie,gspaciemw@google.co.jp,Male,2023-06-13,waiter,49520
826,Bill,Stansby,bstansbymx@weebly.com,Male,2023-11-20,waiter,77315
827,Gherardo,Marxsen,gmarxsenmy@msn.com,Male,2023-12-26,waiter,73842
828,Lorry,Niblock,lniblockmz@amazon.co.uk,Bigender,2023-11-20,waiter,40651
829,Harmonie,Coombs,hcoombsn0@wikimedia.org,Female,2023-11-25,chef,74930
830,Benny,Foulgham,bfoulghamn1@buzzfeed.com,Male,2023-07-22,chef,78426
831,Alphonse,Begbie,abegbien2@creativecommons.org,Male,2023-12-24,waiter,28850
832,Hilary,Charopen,hcharopenn3@foxnews.com,Female,2023-05-03,waiter,68683
833,Calley,Nazair,cnazairn4@i2i.jp,Female,2023-04-27,waiter,37402
834,Dani,Kellett,dkellettn5@unicef.org,Male,2023-10-24,chef,40606
835,Trixie,Rowbottom,trowbottomn6@liveinternet.ru,Female,2023-11-20,chef,50757
836,Howard,Bellee,hbelleen7@altervista.org,Male,2023-12-29,manager,48953
837,Romain,Bunker,rbunkern8@blinklist.com,Male,2023-07-26,waiter,55644
838,Barclay,Troillet,btroilletn9@hatena.ne.jp,Male,2023-10-05,chef,79319
839,Hunt,Handaside,hhandasidena@instagram.com,Male,2023-09-04,chef,75617
840,Magnum,Hackelton,mhackeltonnb@myspace.com,Male,2023-06-01,chef,24253
841,Gert,Titterington,gtitteringtonnc@chron.com,Female,2023-07-06,waiter,39511
842,Zorine,Marten,zmartennd@yellowbook.com,Female,2024-04-11,waiter,42632
843,Meggi,Tuckwood,mtuckwoodne@stanford.edu,Female,2024-02-22,waiter,35566
844,Stephi,Cristofolo,scristofolonf@oakley.com,Female,2023-08-01,chef,51037
845,Allys,Bulstrode,abulstrodeng@pagesperso-orange.fr,Female,2024-01-07,waiter,64866
846,Barnaby,Sprulls,bsprullsnh@google.com.au,Agender,2024-03-22,chef,25092
847,Lanie,Boler,lbolerni@amazon.de,Female,2023-12-26,chef,79257
848,Devonna,Tomankowski,dtomankowskinj@upenn.edu,Female,2024-03-12,waiter,71742
849,Tucky,Heijne,theijnenk@moonfruit.com,Male,2024-02-13,chef,26505
850,Paulina,Giffard,pgiffardnl@buzzfeed.com,Female,2023-12-26,chef,62507
851,Burton,Gosnold,bgosnoldnm@geocities.com,Male,2023-11-07,waiter,42338
852,Carmon,Blick,cblicknn@xing.com,Female,2024-04-04,waiter,35989
853,Fannie,Brandsma,fbrandsmano@redcross.org,Female,2024-01-13,waiter,39110
854,Massimiliano,Durtnall,mdurtnallnp@home.pl,Male,2023-08-09,chef,36383
855,Patton,Yakobovitz,pyakobovitznq@liveinternet.ru,Genderqueer,2023-06-12,waiter,25677
856,Renaud,Patrono,rpatrononr@free.fr,Male,2023-09-16,chef,79869
857,Natale,Ell,nellns@cloudflare.com,Male,2023-05-12,chef,29102
858,Worthy,Riquet,wriquetnt@nifty.com,Male,2023-05-07,waiter,43727
859,Basil,Grim,bgrimnu@usgs.gov,Male,2024-03-17,chef,37967
860,Hillary,McIvor,hmcivornv@gizmodo.com,Female,2024-01-25,chef,29463
861,Riccardo,Dugald,rdugaldnw@cnn.com,Male,2024-02-06,waiter,46687
862,Daryle,Lotherington,dlotheringtonnx@cafepress.com,Male,2023-07-21,waiter,62591
863,Elvin,Utterson,euttersonny@dailymotion.com,Male,2024-03-21,waiter,63606
864,Lanny,Spurdens,lspurdensnz@mapquest.com,Female,2024-01-24,waiter,66290
865,Savina,Pratty,sprattyo0@tinypic.com,Female,2023-04-27,waiter,30592
866,Mortie,McEniry,mmceniryo1@wsj.com,Male,2024-01-05,waiter,48536
867,Berkeley,Condict,bcondicto2@photobucket.com,Male,2024-02-13,chef,44555
868,Ransell,Regina,rreginao3@taobao.com,Male,2023-07-14,manager,69547
869,Netti,Ganing,nganingo4@cmu.edu,Female,2024-04-01,waiter,59771
870,Daren,Lequeux,dlequeuxo5@gravatar.com,Male,2024-04-02,waiter,48651
871,Malvin,Giorgeschi,mgiorgeschio6@yahoo.co.jp,Male,2023-11-23,waiter,29160
872,Rafaelita,Limerick,rlimericko7@google.com.au,Female,2024-02-23,chef,35941
873,Gun,Arzu,garzuo8@reuters.com,Male,2023-12-21,chef,20936
874,Quintilla,Ebbins,qebbinso9@dailymotion.com,Female,2023-07-11,waiter,20974
875,Kort,Hartegan,kharteganoa@qq.com,Genderqueer,2023-07-16,chef,67435
876,Jarib,McAusland,jmcauslandob@kickstarter.com,Male,2023-07-21,waiter,55676
877,Paulette,Wooder,pwooderoc@wiley.com,Female,2023-08-01,chef,40815
878,Erhart,Shillom,eshillomod@uiuc.edu,Male,2024-01-12,waiter,37285
879,Kelly,Ranner,kranneroe@xing.com,Male,2024-02-05,chef,22676
880,Annabal,Nickell,anickellof@wordpress.com,Female,2023-07-03,chef,62285
881,Wendel,Gummory,wgummoryog@redcross.org,Male,2024-03-21,waiter,70168
882,Skyler,Le Breton,slebretonoh@bbc.co.uk,Male,2023-10-27,chef,38401
883,Essie,Warrack,ewarrackoi@hc360.com,Female,2023-12-17,waiter,71813
884,Fidelity,Steenson,fsteensonoj@myspace.com,Female,2023-07-14,waiter,26563
885,Beltran,Jent,bjentok@walmart.com,Male,2023-10-07,manager,49025
886,Tobias,Howell,thowellol@ted.com,Male,2023-05-22,chef,34634
887,Tessa,Antosch,tantoschom@miitbeian.gov.cn,Female,2023-09-21,waiter,61466
888,Marline,Vahey,mvaheyon@google.ru,Female,2023-08-25,waiter,23151
889,Everett,McGready,emcgreadyoo@slashdot.org,Male,2024-01-23,waiter,57270
890,Dana,Livezley,dlivezleyop@edublogs.org,Female,2024-02-08,chef,34030
891,Julian,Farndale,jfarndaleoq@xrea.com,Male,2024-01-13,chef,23917
892,Bogart,Yanshin,byanshinor@scribd.com,Agender,2023-05-18,waiter,78912
893,Albert,Castanos,acastanosos@homestead.com,Male,2024-02-24,waiter,73985
894,Joeann,Elland,jellandot@imgur.com,Female,2023-07-13,chef,31796
895,Michael,Hasley,mhasleyou@seattletimes.com,Male,2023-08-17,waiter,67218
896,Jake,Danneil,jdanneilov@nhs.uk,Non-binary,2023-12-28,waiter,51045
897,Darbie,Ordelt,dordeltow@yolasite.com,Female,2024-02-17,chef,51513
898,Hilliary,Bulteel,hbulteelox@wikia.com,Female,2023-06-20,waiter,30856
899,Melody,Thorogood,mthorogoodoy@ask.com,Genderqueer,2023-04-27,chef,73858
900,Marena,Borg-Bartolo,mborgbartolooz@dot.gov,Female,2024-03-06,chef,41468
901,Sibylle,Godilington,sgodilingtonp0@webs.com,Female,2023-07-16,chef,69203
902,Burl,Seligson,bseligsonp1@theatlantic.com,Male,2023-07-24,chef,49870
903,Man,Piggott,mpiggottp2@reference.com,Male,2023-06-21,chef,47004
904,Orville,Renachowski,orenachowskip3@europa.eu,Male,2023-10-13,chef,60098
905,Janaye,Medcalfe,jmedcalfep4@redcross.org,Female,2023-11-21,waiter,64152
906,Waverley,Wynter,wwynterp5@walmart.com,Male,2023-07-08,chef,45364
907,Gustave,Maddern,gmaddernp6@mac.com,Male,2023-06-24,waiter,55790
908,Udale,Cossor,ucossorp7@xinhuanet.com,Male,2023-05-23,chef,34082
909,Conny,Orrick,corrickp8@tinyurl.com,Male,2024-03-23,chef,47057
910,Annmarie,Goublier,agoublierp9@w3.org,Female,2023-11-01,waiter,65516
911,Jilli,Danaher,jdanaherpa@usnews.com,Female,2023-07-12,chef,52571
912,Annis,Castelyn,acastelynpb@jiathis.com,Female,2024-04-02,chef,74868
913,Wren,Holstein,wholsteinpc@artisteer.com,Female,2024-03-28,chef,45780
914,Salomo,Paramore,sparamorepd@a8.net,Male,2024-02-21,waiter,57349
915,Ashlee,Tidgewell,atidgewellpe@ucla.edu,Female,2023-09-21,chef,39284
916,Elton,Slesser,eslesserpf@imageshack.us,Male,2024-02-09,chef,38415
917,Eddie,Whacket,ewhacketpg@instagram.com,Genderqueer,2023-11-07,manager,53889
918,Rodolfo,Gavini,rgaviniph@zdnet.com,Male,2024-04-04,manager,39991
919,Rivkah,Hamlyn,rhamlynpi@sourceforge.net,Female,2024-02-21,waiter,78359
920,Clem,Lott,clottpj@economist.com,Male,2023-04-25,chef,33530
921,Glyn,Ferrey,gferreypk@ibm.com,Male,2023-10-21,chef,31482
922,Kenny,Tyer,ktyerpl@is.gd,Male,2023-09-01,waiter,53436
923,Alisun,Thacke,athackepm@smh.com.au,Female,2023-09-12,waiter,31256
924,Norton,Knoles,nknolespn@eventbrite.com,Male,2023-06-30,waiter,72006
925,Corty,Luckwell,cluckwellpo@istockphoto.com,Male,2023-12-12,chef,79655
926,Reece,Learoyde,rlearoydepp@is.gd,Male,2024-02-17,waiter,71020
927,Andrej,Domini,adominipq@biblegateway.com,Male,2024-01-20,chef,68737
928,Lynn,Barbosa,lbarbosapr@economist.com,Female,2023-08-13,waiter,44659
929,Laraine,Melland,lmellandps@a8.net,Female,2023-06-02,chef,74660
930,Zacharia,Karpmann,zkarpmannpt@dropbox.com,Male,2024-01-05,chef,65132
931,Virginia,Prudham,vprudhampu@myspace.com,Female,2023-07-04,waiter,37902
932,Omar,Jaynes,ojaynespv@about.com,Male,2023-11-03,waiter,54583
933,Itch,Riddoch,iriddochpw@si.edu,Male,2023-08-24,waiter,56238
934,Basile,Oswal,boswalpx@unicef.org,Male,2023-09-10,waiter,78345
935,Ariel,Balsillie,abalsilliepy@soundcloud.com,Female,2024-04-04,waiter,77100
936,Ripley,Richten,rrichtenpz@pagesperso-orange.fr,Male,2023-06-27,chef,25903
937,Geoffry,Weedall,gweedallq0@yelp.com,Male,2023-05-19,waiter,34834
938,Freemon,Pele,fpeleq1@seattletimes.com,Male,2023-11-07,chef,40758
939,Nicolai,Loffhead,nloffheadq2@adobe.com,Male,2024-03-27,waiter,37840
940,Shawna,McNiven,smcnivenq3@si.edu,Female,2023-08-15,chef,47525
941,Glendon,De Roeck,gderoeckq4@oracle.com,Male,2023-11-07,waiter,23407
942,Bevan,Caso,bcasoq5@prnewswire.com,Male,2024-01-24,waiter,22667
943,Berget,Gwinnel,bgwinnelq6@businessweek.com,Genderqueer,2023-09-09,chef,68867
944,Hanna,D'Cruze,hdcruzeq7@guardian.co.uk,Female,2023-08-20,waiter,66526
945,Alf,Milstead,amilsteadq8@geocities.com,Male,2023-12-23,chef,51584
946,Ethel,Linnard,elinnardq9@fastcompany.com,Female,2023-10-26,waiter,57593
947,Cassandre,Callacher,ccallacherqa@nymag.com,Non-binary,2024-03-07,chef,23697
948,Bailey,Adney,badneyqb@yolasite.com,Male,2024-04-06,waiter,45483
949,Seamus,Gomes,sgomesqc@blogtalkradio.com,Male,2023-06-23,chef,66651
950,Tallou,Speke,tspekeqd@livejournal.com,Agender,2024-01-23,waiter,45848
951,Roanne,Riggert,rriggertqe@hostgator.com,Female,2023-10-24,waiter,24425
952,Karina,Charge,kchargeqf@shareasale.com,Female,2023-11-07,waiter,31899
953,Sharline,De Mattei,sdematteiqg@mysql.com,Polygender,2024-03-07,waiter,36332
954,Bradley,Husher,bhusherqh@github.io,Male,2023-09-16,waiter,77910
955,Anabel,O'Corrigane,aocorriganeqi@hibu.com,Agender,2024-02-05,chef,74258
956,Fabien,Frenzl,ffrenzlqj@phpbb.com,Male,2023-12-07,waiter,40759
957,Adolpho,Glader,agladerqk@slate.com,Male,2023-10-30,chef,69664
958,Taber,Seabrook,tseabrookql@hao123.com,Male,2023-09-06,chef,33322
959,Felicdad,Tudge,ftudgeqm@altervista.org,Female,2023-11-24,waiter,64377
960,Quintus,Southworth,qsouthworthqn@oracle.com,Male,2023-08-07,chef,52717
961,Phyllida,Bramich,pbramichqo@bloomberg.com,Female,2024-04-11,waiter,25759
962,Devlen,Flude,dfludeqp@freewebs.com,Male,2024-01-08,chef,57207
963,Marwin,Bramley,mbramleyqq@mac.com,Male,2024-03-29,waiter,47365
964,Frazier,Sifleet,fsifleetqr@discuz.net,Genderfluid,2024-01-11,waiter,60394
965,Neron,Harcarse,nharcarseqs@prnewswire.com,Male,2023-12-03,chef,32061
966,Nevil,Scimoni,nscimoniqt@artisteer.com,Male,2023-10-12,waiter,69575
967,Hedvig,Vanderplas,hvanderplasqu@nytimes.com,Female,2023-05-07,chef,41797
968,Barnett,O'Carmody,bocarmodyqv@opensource.org,Male,2024-02-27,chef,30429
969,Marianna,Eccersley,meccersleyqw@miitbeian.gov.cn,Female,2023-09-05,chef,72673
970,Andromache,Zavattieri,azavattieriqx@mail.ru,Female,2023-12-22,chef,62936
971,Brian,Gude,bgudeqy@blinklist.com,Male,2024-02-14,chef,35446
972,Judd,Mulles,jmullesqz@ask.com,Male,2023-05-27,waiter,21682
973,Chrysler,Addicott,caddicottr0@tumblr.com,Female,2023-12-08,waiter,45206
974,Cesar,Fery,cferyr1@blogtalkradio.com,Male,2023-08-28,waiter,57313
975,Ardath,Heilds,aheildsr2@utexas.edu,Female,2023-10-27,chef,43138
976,Yves,Smalles,ysmallesr3@nsw.gov.au,Male,2023-11-16,chef,44918
977,Tamra,Mitchely,tmitchelyr4@sciencedirect.com,Female,2023-06-17,chef,69123
978,Nicolle,Godfery,ngodferyr5@tumblr.com,Non-binary,2023-06-28,waiter,54651
979,Jaime,Clears,jclearsr6@nytimes.com,Female,2023-09-15,chef,69257
980,Billie,Maffy,bmaffyr7@techcrunch.com,Male,2023-08-16,waiter,73253
981,Suki,Elderidge,selderidger8@ask.com,Genderqueer,2023-09-06,chef,75174
982,Sterne,Timbs,stimbsr9@elpais.com,Male,2023-08-28,waiter,79415
983,Berkeley,Lugard,blugardra@google.co.uk,Male,2024-04-05,chef,26734
984,Wheeler,Piatti,wpiattirb@com.com,Male,2023-10-31,chef,70284
985,Harvey,Simants,hsimantsrc@ow.ly,Male,2023-05-19,chef,72904
986,Orv,Hiner,ohinerrd@tumblr.com,Male,2023-11-05,waiter,59306
987,Aurore,Lamberton,alambertonre@kickstarter.com,Female,2023-06-25,waiter,25905
988,Clevey,Stobo,cstoborf@princeton.edu,Male,2023-09-09,manager,42501
989,Ailsun,Baselio,abaseliorg@tinyurl.com,Female,2024-01-20,waiter,49789
990,Carlene,De Bernardis,cdebernardisrh@abc.net.au,Female,2023-12-11,chef,73746
991,Ollie,Archbold,oarchboldri@xinhuanet.com,Male,2023-12-10,chef,24772
992,Silvio,Gillow,sgillowrj@sohu.com,Male,2023-11-09,waiter,47911
993,Kain,MacKowle,kmackowlerk@mediafire.com,Male,2023-06-22,waiter,73871
994,Benson,Turbitt,bturbittrl@google.ru,Male,2023-09-07,chef,30641
995,Goldie,Schimoni,gschimonirm@ucsd.edu,Female,2023-06-16,waiter,75656
996,Odille,Forbear,oforbearrn@statcounter.com,Female,2023-06-10,waiter,28433
997,Marv,Jenicke,mjenickero@google.fr,Genderfluid,2024-01-04,waiter,21916
998,Steven,Corsham,scorshamrp@msn.com,Male,2023-10-14,waiter,38594
999,Jacquette,Gander,jganderrq@arstechnica.com,Female,2023-12-01,waiter,53746
1000,Basile,MacCaughey,bmaccaugheyrr@amazon.com,Male,2023-06-10,waiter,50324
